,extracted_text,class,contains_image,contains_table,words,stopwords,endswithdot,Table,contains section,contains percentage,percentage capital,starts_integer,starts_decimal
0,AUSTRALIAN PRODUCT INFORMATION,0,0,0,3,0,0,0,0,0,100.0,0,0
1,IMFINZI?,1,0,0,1,0,0,0,0,0,100.0,0,0
2,(durvalumab),1,0,0,1,0,0,0,0,0,0.0,0,0
3,1 	NAME OF THE MEDICINE,0,0,0,5,0,0,0,0,0,100.0,1,0
4,Durvalumab,2,0,0,1,0,0,0,0,0,10.0,0,0
5,2 	QUALITATIVE AND QUANTITATIVE COMPOSITION,0,0,0,5,0,0,0,0,0,100.0,1,0
6,Each vial of IMFINZI concentrated solution for infusion contains either 120 mg or 500 mg of durvalumab.,2,0,0,17,3,1,0,0,0,10.0,0,0
7,"For the full list of excipients, see Section 6.1.",2,0,0,9,2,1,0,1,0,5.555555555555555,0,0
8,3 	PHARMACEUTICAL FORM,0,0,0,3,0,0,0,0,0,100.0,1,0
9,"Sterile, preservative free, clear to opalescent and free from visible particles, colourless to slightly yellow, concentrated solution for infusion.",2,0,0,19,4,1,0,0,0,0.8064516129032258,0,0
10,4 	CLINICAL PARTICULARS,0,0,0,3,0,0,0,0,0,100.0,1,0
11,4.1 	Therapeutic indications,1,0,0,3,0,0,0,0,0,4.545454545454546,0,1
12,Locally advanced non-small cell lung cancer (NSCLC),1,0,0,7,0,0,0,0,0,14.285714285714286,0,0
13,"IMFINZI (durvalumab) is indicated for the treatment of patients with locally advanced, unresectable NSCLC whose disease has not progressed following platinum-based chemoradiation therapy.",2,0,0,23,7,1,0,0,0,7.5,0,0
14,Small cell lung cancer (SCLC),1,0,0,5,0,0,0,0,0,21.73913043478261,0,0
15,IMFINZI (durvalumab) in combination with etoposide and either carboplatin or cisplatin is indicated for the first-line treatment of patients with extensive-stage small cell lung cancer (ESSCLC).,2,0,0,26,8,1,0,0,0,8.024691358024691,0,0
16,4.2 	Dose and method of administration,1,0,0,6,2,0,0,0,0,3.4482758620689653,0,1
17,IMFINZI is for single use in one patient only. Discard any residue.,2,0,0,12,4,1,0,0,0,14.814814814814815,0,0
18,The recommended dose of IMFINZI depends on the indication as presented in Table 1. IMFINZI is administered as an intravenous infusion over 1 hour.,2,0,1,24,8,1,1,0,0,13.445378151260504,0,0
19,Table 1 	Recommended Dosage of IMFINZI,2,0,1,6,1,0,1,0,0,32.25806451612903,0,0
20,Indication,2,0,0,1,0,0,0,0,0,10.0,0,0
21,Recommended IMFINZI dosage,2,0,0,3,0,0,0,0,0,33.333333333333336,0,0
22,Duration of Therapy,2,0,0,3,1,0,0,0,0,11.764705882352942,0,0
23,Locally Advanced NSCLC,2,0,0,3,0,0,0,0,0,35.0,0,0
24,10 mg/kg every 2 weeks or 1500 mg every 4 weeksa,2,0,0,11,1,0,0,0,0,0.0,1,0
25,For one year or until disease progression or unacceptable toxicity,2,0,0,10,2,0,0,0,0,1.7543859649122806,0,0
26,Indication,2,0,0,1,0,0,0,0,0,10.0,0,0
27,Recommended IMFINZI dosage,2,0,0,3,0,0,0,0,0,33.333333333333336,0,0
28,Duration of Therapy,2,0,0,3,1,0,0,0,0,11.764705882352942,0,0
29,ES-SCLC,2,0,0,1,0,0,0,0,0,100.0,0,0
30,"1500 mgb in combination with chemotherapyc,d every 3 weeks",2,0,0,9,2,0,0,0,0,0.0,1,0
31,"(21 days) for 4 cycles, followed by",2,0,0,7,2,0,0,0,0,0.0,0,0
32,1500 mg every 4 weeks as monotherapy,2,0,0,7,1,0,0,0,0,0.0,1,0
33,Until disease progression or unacceptable toxicity,2,0,0,6,1,0,0,0,0,2.2222222222222223,0,0
34,"a Patients with a body weight of 30 kg or less must receive weight-based dosing, equivalent to IMFINZI 10 mg/kg every 2 weeks as monotherapy until weight increases to greater than 30 kg.",2,0,0,33,8,1,0,0,0,5.594405594405594,0,0
35,"b Patients with a body weight of 30 kg or less must receive weight-based dosing, equivalent to IMFINZI 20 mg/kg in combination with chemotherapy every 3 weeks (21 days) for 4 cycles, followed by 10 mg/kg every 2 weeks as monotherapy until weight increases to greater than 30 kg.",2,0,0,49,11,1,0,0,0,3.827751196172249,0,0
36,c Administer IMFINZI prior to chemotherapy when given on the same day.,2,0,0,12,5,1,0,0,0,13.793103448275861,0,0
37,"d When IMFINZI is administered in combination with chemotherapy, refer also to the Product Information for etoposide, and carboplatin or cisplatin, and to Section 5.1 for dosing information in the CASPIAN study.",2,0,0,32,9,1,0,1,0,10.404624277456648,0,0
38,It is recommended to continue treatment for clinically stable patients with initial evidence of disease progression until disease progression is confirmed.,2,0,0,21,6,1,0,0,0,0.746268656716418,0,0
39,Dose escalation or reduction is not recommended. Dose withholding or discontinuation may be required based on individual safety and tolerability.,2,0,0,20,6,1,0,0,0,1.6129032258064515,0,0
40,"No dose reduction or escalation for IMFINZI is recommended. In general, withhold IMFINZI for severe (Grade 3) immune-mediated adverse reactions. Permanently discontinue IMFINZI for lifethreatening (Grade 4) immune-mediated adverse reactions, recurrent severe (Grade 3) immunemediated reactions that require systemic immunosuppressive treatment, or an inability to reduce corticosteroid dose to 10 mg or less of prednisone or equivalent per day within 12 weeks of initiating corticosteroids.",2,0,0,65,7,1,0,0,0,6.666666666666667,0,0
41,Immune-mediated adverse reactions requiring specific management are summarized in Table 2.,2,0,1,11,2,1,1,0,0,2.5974025974025974,0,0
42,Refer to Section 4.4 Special warnings and precautions for use for further monitoring and evaluation information.,2,0,0,16,4,1,0,1,0,3.225806451612903,0,0
43,Table 2 	Recommended treatment modifications and management for adverse reactions,2,0,1,10,2,0,1,0,0,2.857142857142857,0,0
44,Adverse reactions,2,0,0,2,0,0,0,0,0,6.25,0,0
45,Severitya,2,0,0,1,0,0,0,0,0,11.11111111111111,0,0
46,IMFINZI treatment modification,2,0,0,3,0,0,0,0,0,25.0,0,0
47,Additional management advice,2,0,0,3,0,0,0,0,0,3.8461538461538463,0,0
48,Pneumonitis/,2,0,0,1,0,0,0,0,0,9.090909090909092,0,0
49,interstitial lung disease,2,0,0,3,0,0,0,0,0,0.0,0,0
50,Grade 2,2,0,0,2,0,0,0,0,0,20.0,0,0
51,Withhold dose,2,0,0,2,0,0,0,0,0,8.333333333333334,0,0
52,Initiate 1 to 2 mg/kg/day prednisone or equivalent followed by a taper,2,0,0,12,4,0,0,0,0,1.8181818181818181,0,0
53,1 to 4 mg/kg/day prednisone or equivalent followed by a taper,2,0,0,11,4,0,0,0,0,0.0,1,0
54,Grade 3 or 4,2,0,0,4,1,0,0,0,0,14.285714285714286,0,0
55,Permanently discontinue,2,0,0,2,0,0,0,0,0,4.545454545454546,0,0
56,Hepatitis,2,0,0,1,0,0,0,0,0,11.11111111111111,0,0
57,Grade 2 with ALT or AST > 3-5 x ULN and/or total bilirubin > 1.5-3 x ULN,2,0,0,17,2,0,0,0,0,29.545454545454547,0,0
58,Withhold dose,2,0,0,2,0,0,0,0,0,8.333333333333334,0,0
59,Initiate 1 to 2 mg/kg/day prednisone or equivalent followed by a taper,2,0,0,12,4,0,0,0,0,1.8181818181818181,0,0
60,Grade 3 with AST or ALT > 5-ó 8 x ULN or total bilirubin > 3 - ó 5 x ULN,2,0,0,21,2,0,0,0,0,31.70731707317073,0,0
61,Grade 3 with AST or ALT > 8 x ULN or total,2,0,0,12,2,0,0,0,0,35.714285714285715,0,0
62,bilirubin > 5 x ULN,2,0,0,5,0,0,0,0,0,23.076923076923077,0,0
63,Permanently discontinue,2,0,0,2,0,0,0,0,0,4.545454545454546,0,0
64,Concurrent ALT or AST > 3 x ULN and total bilirubin > 2 x ULN with no other cause,2,0,0,19,5,0,0,0,0,22.033898305084747,0,0
65,Colitis or diarrhoea,2,0,0,3,1,0,0,0,0,5.555555555555555,0,0
66,Grade 2,2,0,0,2,0,0,0,0,0,20.0,0,0
67,Withhold dose,2,0,0,2,0,0,0,0,0,8.333333333333334,0,0
68,Initiate 1 to 2 mg/kg/day prednisone or equivalent followed by a taper,2,0,0,12,4,0,0,0,0,1.8181818181818181,0,0
69,Grade 3 or 4,2,0,0,4,1,0,0,0,0,14.285714285714286,0,0
70,Permanently discontinue,2,0,0,2,0,0,0,0,0,4.545454545454546,0,0
71,Endocrinopathies:,2,0,0,1,0,0,0,0,0,6.25,0,0
72,"Hyperthyroidism,",2,0,0,1,0,0,0,0,0,6.666666666666667,0,0
73,Thyroiditis,2,0,0,1,0,0,0,0,0,9.090909090909092,0,0
74,Grade 2-4,2,0,0,2,0,0,0,0,0,20.0,0,0
75,Withhold dose until clinically stable,2,0,0,5,1,0,0,0,0,3.0303030303030303,0,0
76,Symptomatic management,2,0,0,2,0,0,0,0,0,4.761904761904762,0,0
77,Endocrinopathies:,2,0,0,1,0,0,0,0,0,6.25,0,0
78,Hypothyroidism,2,0,0,1,0,0,0,0,0,7.142857142857143,0,0
79,Grade 2-4,2,0,0,2,0,0,0,0,0,20.0,0,0
80,No changes,2,0,0,2,0,0,0,0,0,11.11111111111111,0,0
81,Initiate thyroid hormone replacement as clinically indicated,2,0,0,7,1,0,0,0,0,1.8518518518518519,0,0
82,"Endocrinopathies:  Adrenal insufficiency, Hypophysitis/ hypopituitarism",2,0,0,5,0,0,0,0,0,4.761904761904762,0,0
83,Grade 2-4,2,0,0,2,0,0,0,0,0,20.0,0,0
84,Withhold dose until clinically stable,2,0,0,5,1,0,0,0,0,3.0303030303030303,0,0
85,Initiate 1 to 2 mg/kg/day prednisone or equivalent followed by a taper and hormone replacement as clinically indicated,2,0,0,18,6,0,0,0,0,1.0309278350515463,0,0
86,Endocrinopathies:  Type 1 diabetes,2,0,0,4,0,0,0,0,0,7.142857142857143,0,0
87,mellitus,2,0,0,1,0,0,0,0,0,0.0,0,0
88,Grade 2-4,2,0,0,2,0,0,0,0,0,20.0,0,0
89,No changes,2,0,0,2,0,0,0,0,0,11.11111111111111,0,0
90,Initiate treatment with insulin as clinically,2,0,0,6,2,0,0,0,0,2.5,0,0
91,indicated,2,0,0,1,0,0,0,0,0,0.0,0,0
92,Nephritis,2,0,0,1,0,0,0,0,0,11.11111111111111,0,0
93,Grade 2 with serum creatinine > 1.5-3 x  (ULN or baseline),2,0,0,11,2,0,0,0,0,10.526315789473685,0,0
94,Withhold dose,2,0,0,2,0,0,0,0,0,8.333333333333334,0,0
95,Initiate 1 to 2 mg/kg/day prednisone or equivalent followed by a taper,2,0,0,12,4,0,0,0,0,1.8181818181818181,0,0
96,Grade 3 with serum creatinine > 3 x baseline or > 3-6 x ULN;,2,0,0,14,2,0,0,0,0,10.256410256410257,0,0
97,Grade 4 with serum creatinine > 6 x ULN,2,0,0,9,1,0,0,0,0,14.285714285714286,0,0
98,Permanently discontinue,2,0,0,2,0,0,0,0,0,4.545454545454546,0,0
99,Rash or dermatitis,2,0,0,3,1,0,0,0,0,6.25,0,0
100,(including pemphigoid),2,0,0,2,0,0,0,0,0,0.0,0,0
101,Grade 2  	for > 1 week or Grade 3,2,0,0,9,2,0,0,0,0,10.526315789473685,0,0
102,Withhold dose,2,0,0,2,0,0,0,0,0,8.333333333333334,0,0
103,Initiate 1 to 2 mg/kg/day prednisone or equivalent followed by a taper,2,0,0,12,4,0,0,0,0,1.8181818181818181,0,0
104,Grade 4,2,0,0,2,0,0,0,0,0,20.0,0,0
105,Permanently discontinue,2,0,0,2,0,0,0,0,0,4.545454545454546,0,0
106,Myocarditis,2,0,0,1,0,0,0,0,0,9.090909090909092,0,0
107,Grade 2,2,0,0,2,0,0,0,0,0,20.0,0,0
108,Withhold doseb,2,0,0,2,0,0,0,0,0,7.6923076923076925,0,0
109,Initiate 2 to 4 mg/kg/day prednisone or equivalent followed by a taper,2,0,0,12,4,0,0,0,0,1.8181818181818181,0,0
110,"Grade 3 or 4, or any Grade with positive biopsy",2,0,0,10,3,0,0,0,0,5.714285714285714,0,0
111,Permanently discontinue,2,0,0,2,0,0,0,0,0,4.545454545454546,0,0
112,Myositis/ polymyositis,2,0,0,2,0,0,0,0,0,5.0,0,0
113,Grade 2 or 3,2,0,0,4,1,0,0,0,0,14.285714285714286,0,0
114,Withhold dosec,2,0,0,2,0,0,0,0,0,7.6923076923076925,0,0
115,Initiate 1 to 4 mg/kg/day prednisone or equivalent followed by a taper,2,0,0,12,4,0,0,0,0,1.8181818181818181,0,0
116,Grade 4,2,0,0,2,0,0,0,0,0,20.0,0,0
117,Permanently discontinue,2,0,0,2,0,0,0,0,0,4.545454545454546,0,0
118,Infusion-related reactions,2,0,0,2,0,0,0,0,0,4.166666666666667,0,0
119,Grade 1 or 2,2,0,0,4,1,0,0,0,0,14.285714285714286,0,0
120,Interrupt or slow the rate of infusion,2,0,0,7,3,0,0,0,0,3.125,0,0
121,May consider premedications for prophylaxis of subsequent infusion,2,0,0,8,2,0,0,0,0,1.694915254237288,0,0
122,reactions,2,0,0,1,0,0,0,0,0,0.0,0,0
123,Grade 3 or 4,2,0,0,4,1,0,0,0,0,14.285714285714286,0,0
124,Permanently discontinue,2,0,0,2,0,0,0,0,0,4.545454545454546,0,0
125,Infection,2,0,0,1,0,0,0,0,0,11.11111111111111,0,0
126,Grade 3 or 4,2,0,0,4,1,0,0,0,0,14.285714285714286,0,0
127,Withhold dose until clinically stable,2,0,0,5,1,0,0,0,0,3.0303030303030303,0,0
128,Other immunemediated  adverse reactionse,2,0,0,4,0,0,0,0,0,2.7777777777777777,0,0
129,Grade 3,2,0,0,2,0,0,0,0,0,20.0,0,0
130,Withhold dosed,2,0,0,2,0,0,0,0,0,7.6923076923076925,0,0
131,Initiate 1 mg/kg/day to 4 mg/kg/day prednisone or equivalent followed by a taper,2,0,0,13,4,0,0,0,0,1.6129032258064515,0,0
132,Grade 4,2,0,0,2,0,0,0,0,0,20.0,0,0
133,Permanently discontinue,2,0,0,2,0,0,0,0,0,4.545454545454546,0,0
134,"a Common Terminology Criteria for Adverse Events, version 4.03. ALT: alanine aminotransferase; AST: aspartate aminotransferase; ULN: upper limit of normal.",2,0,0,20,3,1,0,0,0,11.290322580645162,0,0
135,"b If no improvement within 3 to 5 days despite corticosteroids, promptly start additional immunosuppressive therapy. Upon resolution (Grade 0), corticosteroid taper should be initiated and continued over at least 1 month, after which IMFINZI can be resumed based on clinical judgment.",2,0,0,42,11,1,0,0,0,4.310344827586207,0,0
136,c Permanently discontinue IMFINZI if adverse reaction does not resolve to ó Grade 1 within 30 days or if there are signs of respiratory insufficiency.,2,0,0,25,8,1,0,0,0,7.43801652892562,0,0
137,"d Permanently discontinue IMFINZI if adverse reaction does not resolve to ó Grade 1 within 30 days or if there are signs of respiratory insufficiency; and, in addition to these signs, for myasthenia gravis, if there are signs of autonomic insufficiency.",2,0,0,41,12,1,0,0,0,4.411764705882353,0,0
138,e Includes immune thrombocytopenia.,2,0,0,4,0,1,0,0,0,3.225806451612903,0,0
139,"For suspected immune-mediated adverse reactions, adequate evaluation should be performed to confirm aetiology or exclude alternate aetiologies. Upon improvement to ó Grade 1, corticosteroid taper should be initiated and continued over at least 1 month. Consider increasing dose of corticosteroids and/or using additional systemic immunosuppressants if there is worsening or no improvement. After withhold, IMFINZI can be resumed within 12 weeks if the adverse reactions improved to ó Grade 1 and the corticosteroid dose has been reduced to ó 10 mg prednisone or equivalent per day. IMFINZI should be permanently discontinued for recurrent Grade 3 or 4 (severe or life-threatening) immune-mediated adverse reactions.",2,0,0,103,17,1,0,0,0,3.577512776831346,0,0
140,"For non-immune-mediated adverse reactions, withhold IMFINZI for Grade 2 and 3 adverse reactions until ó Grade 1 or baseline. IMFINZI should be discontinued for Grade 4 adverse reactions (with the exception of Grade 4 laboratory abnormalities, about which the decision to discontinue should be based on accompanying clinical signs/symptoms and clinical judgment).",2,0,0,52,12,1,0,0,0,6.418918918918919,0,0
141,Special patient populations,1,0,0,3,0,0,0,0,0,4.0,0,0
142,Renal impairment,1,0,0,2,0,0,0,0,0,6.666666666666667,0,0
143,No dose adjustment is recommended for patients with mild or moderate renal impairment (see Section 5.2 Pharmacokinetic properties). Durvalumab has not been studied in subjects with severe renal impairment.,2,0,0,29,8,1,0,1,0,2.3529411764705883,0,0
144,Hepatic impairment,1,0,0,2,0,0,0,0,0,5.882352941176471,0,0
145,"No dose adjustment is recommended for patients with hepatic impairment. Data from patients with moderate and severe hepatic impairment are limited, however, due to minor involvement of hepatic processes in the clearance of durvalumab, no difference in exposure is expected for these patients (see Section 5.2 Pharmacokinetic properties).",2,0,0,48,12,1,0,1,0,1.4285714285714286,0,0
146,Use in paediatric patients,1,0,0,4,1,0,0,0,0,4.3478260869565215,0,0
147,The safety and efficacy of durvalumab have not been established in patients younger than 18 years of age.,2,0,0,18,7,1,0,0,0,1.1764705882352942,0,0
148,Use in the elderly,1,0,0,4,2,0,0,0,0,6.666666666666667,0,0
149,No dose adjustment is required for elderly patients (ò65 years of age) (see Section 5.1 Pharmacodynamic properties - Clinical trials and Section 5.2 Pharmacokinetic properties).,2,0,0,25,4,1,0,1,0,4.3478260869565215,0,0
150,Method of administration,1,0,0,3,1,0,0,0,0,4.545454545454546,0,0
151,Preparation of solution,1,0,0,3,1,0,0,0,0,4.761904761904762,0,0
152,IMFINZI is supplied as single-dose vials and does not contain any preservatives. Aseptic technique must be observed.,2,0,0,17,7,1,0,0,0,8.24742268041237,0,0
153,"? Visually inspect drug product for particulate matter and discolouration. IMFINZI is a clear to opalescent, colourless to slightly yellow solution. Discard the vial if the solution is cloudy, discoloured or visible particles are observed. Do not shake the vial.",2,0,0,40,10,1,0,0,0,4.62962962962963,0,0
154,"? Withdraw the required volume from the vial(s) of IMFINZI and transfer into an intravenous (IV) bag containing 0.9% Sodium Chloride Injection, or 5% Dextrose Injection. Mix diluted solution by gentle inversion. The final concentration of the diluted solution should be between 1 mg/mL and 15 mg/mL. Do not freeze or shake the solution.",2,0,0,54,12,1,0,0,1,7.633587786259542,0,0
155,? Care must be taken to ensure the sterility of prepared solutions.,2,0,0,12,4,1,0,0,0,1.8518518518518519,0,0
156,? Do not re-enter the vial after withdrawal of drug; only withdraw one dose per vial.,2,0,0,16,5,1,0,0,0,1.5151515151515151,0,0
157,? Discard any unused portion left in the vial.,2,0,0,9,3,1,0,0,0,2.7777777777777777,0,0
158,? No incompatibilities between IMFINZI and 9 g/L (0.9%) sodium chloride or 50 g/L (5%) dextrose in polyvinylchloride or polyolefin IV bags have been observed.,2,0,0,25,6,1,0,0,1,10.256410256410257,0,0
159,After preparation of infusion solution,1,0,0,5,1,0,0,0,0,2.9411764705882355,0,0
160,"IMFINZI does not contain a preservative. Administer infusion solution immediately once prepared. If infusion solution is not administered immediately and it needs to be stored, the total time from vial puncture to the start of administration should not exceed:",2,0,0,39,13,0,0,0,0,4.128440366972477,0,0
161,? 24 hours at 2øC to 8øC,2,0,0,7,2,0,0,0,0,18.181818181818183,0,0
162,? 12 hours at room temperature.,2,0,0,6,1,1,0,0,0,0.0,0,0
163,Administration,1,0,0,1,0,0,0,0,0,7.142857142857143,0,0
164,"Administer infusion solution intravenously over 1 hour through an intravenous line containing a sterile, low-protein binding 0.2 or 0.22 micron in-line filter.",2,0,0,22,5,1,0,0,0,0.7936507936507936,0,0
165,Do not co-administer other drugs through the same infusion line.,2,0,0,10,5,1,0,0,0,1.8867924528301887,0,0
166,4.3 	Contraindications,1,0,0,2,0,0,0,0,0,5.882352941176471,0,1
167,Hypersensitivity to the active substance or to any of the excipients listed in section 6.1.,2,0,0,15,6,1,0,0,0,1.36986301369863,0,0
168,4.4 	Special warnings and precautions for use,1,0,0,7,2,0,0,0,0,2.857142857142857,0,1
169,Refer to Section 4.2 Dose and method of administration Table 2 for recommended treatment modifications and management of adverse reactions.,2,0,1,20,4,1,1,1,0,3.4782608695652173,0,0
170,Immune-mediated adverse reactions,1,0,0,3,0,0,0,0,0,3.3333333333333335,0,0
171,"Immune checkpoint inhibitors, including durvalumab, can cause severe and fatal immune-mediated adverse reactions, which may involve any organ system. While immune-mediated reactions usually manifest during treatment, they can also manifest after discontinuation.  Early identification of such reactions and timely intervention are an important part of the safe use of durvalumab. In clinical trials, most immune-mediated adverse reactions were reversible and managed with interruptions of durvalumab, administration of corticosteroids and/or supportive care. Patients should be monitored for signs and symptoms and managed as recommended in Table 2 (see Section 4.2 Dose and method of administration).",2,0,1,94,20,1,1,1,0,1.3651877133105803,0,0
172,Immune-mediated pneumonitis,1,0,0,2,0,0,0,0,0,4.0,0,0
173,"Immune-mediated pneumonitis/interstitial lung disease,* including fatal cases, occurred in patients receiving durvalumab in clinical trials (see Section 4.8 Adverse effects).",2,0,0,20,1,1,0,1,0,2.0833333333333335,0,0
174,"Pneumonitis is frequently observed in patients receiving radiation therapy to the lung and the clinical presentation of pneumonitis and radiation pneumonitis is very similar. In the PACIFIC Study, in patients who had completed treatment with at least 2 cycles of concurrent chemoradiation within 1 to 42 days prior to initiation of the trial, pneumonitis or radiation pneumonitis occurred in 161 (33.9%) patients in the IMFINZI-treated group and 58 (24.8%) in the placebo group, including Grade 3 (3.4% vs 3.0%) and Grade 5 (1.1% vs 1.7%). See also Section 4.8 Adverse effects.",2,0,0,91,12,1,0,1,1,5.092592592592593,0,0
175,"Patients should be monitored for signs and symptoms of pneumonitis. Suspected pneumonitis should be confirmed with radiographic imaging and other infectious and disease-related aetiologies excluded, and managed as recommended in Table 2 (see Section 4.2 Dose and method of administration).",2,0,1,40,9,1,1,1,0,2.0833333333333335,0,0
176,Immune-mediated hepatitis,1,0,0,2,0,0,0,0,0,4.3478260869565215,0,0
177,"Immune-mediated hepatitis,* including a fatal case, occurred in patients receiving durvalumab in clinical trials (see Section 4.8 Adverse effects). Patients should be monitored for abnormal liver tests prior to each infusion, and as indicated based on clinical evaluation during and after discontinuation of treatment with durvalumab. Immune-mediated hepatitis should be managed as recommended in Table 2 (see Section 4.2 Dose and method of administration).",2,0,1,64,14,1,1,1,0,2.1390374331550803,0,0
178,Immune-mediated colitis,1,0,0,2,0,0,0,0,0,4.761904761904762,0,0
179,Immune-mediated colitis* occurred in patients receiving durvalumab in clinical trials (see Section 4.8 Adverse effects). Patients should be monitored for signs and symptoms of colitis (including diarrhoea) and managed as recommended in Table 2 (see Section 4.2 Dose and method of administration).,2,0,1,42,7,1,1,1,0,2.9411764705882355,0,0
180,Immune-mediated endocrinopathies,1,0,0,2,0,0,0,0,0,3.3333333333333335,0,0
181,Immune-mediated hypothyroidism/hyperthyroidism/thyroiditis,1,0,0,2,0,0,0,0,0,1.8518518518518519,0,0
182,"Immune-mediated hypothyroidism, hyperthyroidism or thyroiditis have occurred in patients receiving durvalumab in clinical trials (see Section 4.8 Adverse effects). Patients should be monitored for abnormal thyroid function tests prior to and periodically during treatment and managed as recommended in Table 2 (see Section 4.2 Dose and method of administration).",2,0,1,49,11,1,1,1,0,2.3411371237458196,0,0
183,Immune-mediated adrenal insufficiency,1,0,0,3,0,0,0,0,0,2.9411764705882355,0,0
184,"Immune-mediated adrenal insufficiency occurred in patients receiving durvalumab in clinical trials (see Section 4.8 Adverse effects). Patients should be monitored for clinical signs and symptoms of adrenal insufficiency. For symptomatic adrenal insufficiency, patients should be managed as recommended in Table 2 (see Section 4.2 Dose and method of administration).",2,0,1,49,7,1,1,1,0,2.6578073089700998,0,0
185,Immune-mediated type 1 diabetes mellitus,1,0,0,5,0,0,0,0,0,2.9411764705882355,0,0
186,"Immune-mediated type 1 diabetes mellitus, which can present with diabetic ketoacidosis, occurred in patients receiving durvalumab in clinical trials (see Section 4.8 Adverse effects). Patients should be monitored for clinical signs and symptoms of type 1 diabetes mellitus. For symptomatic type 1 diabetes mellitus, patients should be managed as recommended in Table 2 (see Section 4.2 Dose and method of administration).",2,0,1,61,10,1,1,1,0,2.3529411764705883,0,0
187,Immune-mediated hypophysitis/hypopituitarism,1,0,0,2,0,0,0,0,0,2.4390243902439024,0,0
188,"Immune-mediated hypophysitis/hypopituitarism occurred in patients receiving durvalumab in clinical trials (see Section 4.8 Adverse effects). Patients should be monitored for clinical signs and symptoms of hypophysitis or hypopituitarism. For symptomatic hypophysitis or hypopituitarism, patients should be managed as recommended in Table 2 (see Section 4.2 Dose and method of administration).",2,0,1,50,8,1,1,1,0,2.4539877300613497,0,0
189,Immune-mediated nephritis,1,0,0,2,0,0,0,0,0,4.3478260869565215,0,0
190,Immune-mediated nephritis* occurred in patients receiving durvalumab in clinical trials (see Section 4.8 Adverse effects). Patients should be monitored for abnormal renal function tests prior to and periodically during treatment with durvalumab and managed as recommended in Table 2 (see Section 4.2 Dose and method of administration).,2,0,1,47,10,1,1,1,0,2.5547445255474455,0,0
191,Immune-mediated dermatological adverse reactions,1,0,0,4,0,0,0,0,0,2.272727272727273,0,0
192,Immune-mediated dermatitis (including pemphigoid)* occurred in patients receiving durvalumab in clinical trials (see Section 4.8 Adverse effects). Bullous dermatitis and Stevens-Johnson Syndrome (SJS)/toxic epidermal necrolysis (TEN) have occurred with other products in this class. Patients should be monitored for signs and symptoms dermatitis (including rash) and managed as recommended in Table 2 (see Section 4.2 Dose and method of administration).,2,0,1,60,11,1,1,1,0,4.619565217391305,0,0
193,Other immune mediated adverse reactions,1,0,0,5,0,0,0,0,0,2.857142857142857,0,0
194,"Given the mechanism of action of durvalumab, other immune-mediated adverse reactions may occur. Other immune mediated adverse reactions are: aseptic meningitis, haemolytic anaemia, immune thrombocytopenia, myasthenia gravis, myocarditis, myositis, polymyositis and ocular inflammatory toxicity, including uveitis and keratitis.  Patients should be monitored for signs and symptoms of immune-mediated adverse reactions and managed as recommended in Table 2 (see Section 4.2 Dose and method of administration).",2,0,1,65,9,1,1,1,0,1.4184397163120568,0,0
195,"Also see Section 4.8 Adverse effects, immune-mediated neurological adverse events in ongoing and completed trials.",2,0,0,15,2,1,0,1,0,3.1914893617021276,0,0
196,Infusion-related reactions,1,0,0,2,0,0,0,0,0,4.166666666666667,0,0
197,Patients should be monitored for signs and symptoms of infusion-related reactions and managed as recommended in Table 2 (see Section 4.2 Dose and method of administration). Severe infusion related reactions have been reported in patients receiving durvalumab (see Section 4.8 Adverse effects).,2,0,1,42,9,1,1,1,0,2.9411764705882355,0,0
198,Efficacy in patients with PD-L1 expression <1%,1,0,0,7,2,0,0,0,1,11.428571428571429,0,0
199,"Post-hoc analyses suggest efficacy may be different for patients with PD-L1 <1%. Before initiating treatment, physicians are advised to carefully evaluate the individual patient and tumour characteristics, taking into consideration the observed benefits and the side effects of durvalumab (see sections 4.8 Adverse effects and 5.1 Pharmacological properties).",2,0,0,48,9,1,0,0,1,2.380952380952381,0,0
200,Use in the elderly,1,0,0,4,2,0,0,0,0,6.666666666666667,0,0
201,No overall differences in safety were observed between patients treated with IMFINZI who were ò 65 years of age compared to younger patients in the PACIFIC study (NSCLC). Data from NSCLC patients 75 years of age or older are limited.,2,0,0,40,11,1,0,0,0,14.054054054054054,0,0
202,"Of the 265 patients with ES-SCLC treated with IMFINZI in combination with chemotherapy, 101 (38%) patients were 65 years or older. There were no overall clinically meaningful differences in safety or effectiveness between patients ò 65 years of age and younger patients.",2,0,0,42,9,1,0,0,1,7.177033492822966,0,0
203,Paediatric use,1,0,0,2,0,0,0,0,0,7.6923076923076925,0,0
204,The safety and efficacy of durvalumab have not been established in patients younger than 18 years of age.,2,0,0,18,7,1,0,0,0,1.1764705882352942,0,0
205,4.5 	Interactions with other medicines and other forms of interactions,1,0,0,10,4,0,0,0,0,1.7543859649122806,0,1
206,"Durvalumab is an immunoglobulin. The primary elimination pathways of durvalumab are protein catabolism via reticuloendothelial system or target mediated disposition, therefore no formal pharmacokinetic (PK) drug-drug interaction studies have been conducted since no metabolic drugdrug interactions are expected. PK drug-drug interaction between durvalumab and etoposide, and carboplatin or cisplatin was assessed in the CASPIAN study and no clinically meaningful PK drugdrug interaction between durvalumab and the chemotherapy was identified.",2,0,0,69,13,1,0,0,0,3.225806451612903,0,0
207,"4.6 	Fertility, pregnancy and lactation",1,0,0,5,1,0,0,0,0,3.3333333333333335,0,1
208,Effects on fertility,1,0,0,3,1,0,0,0,0,5.555555555555555,0,0
209,"There are no data on the effects of durvalumab on fertility in humans. In repeat-dose toxicology studies of durvalumab up to 3 months duration in sexually mature cynomolgus monkeys, there were no notable effects on the male and female reproductive organs. These animals received weekly doses of durvalumab yielding 11 times the clinical exposure (based on AUC) at the clinical dose of 1500 mg every 3 weeks and 23 times at the clinical dose of 10 mg/kg every 2 weeks.",2,0,0,80,12,1,0,0,0,1.6348773841961852,0,0
210,Use in pregnancy ? Category D,1,0,0,6,1,0,0,0,0,13.043478260869565,0,0
211,"There are no data on the use of durvalumab in pregnant women. Based on its mechanism of action, durvalumab has the potential to impact maintenance of pregnancy and may cause foetal harm when administered to a pregnant woman. Human IgG1 is known to cross the placental barrier; therefore, durvalumab has the potential to be transmitted from the mother to the developing foetus. Durvalumab use is not recommended during pregnancy. Women of childbearing potential should use effective contraception during treatment and for at least 3 months after the last dose.",2,0,0,89,21,1,0,0,0,1.5184381778741864,0,0
212,Animal data,1,0,0,2,0,0,0,0,0,10.0,0,0
213,"As reported in the literature, the PD-1/PD-L1 pathway plays a central role in preserving pregnancy by maintaining maternal immune tolerance to the foetus. In mouse allogeneic pregnancy models, disruption of PD-L1 signalling was shown to result in an increase in foetal loss. The effects of durvalumab on prenatal and postnatal development were evaluated in reproduction studies in cynomolgus monkeys. Durvalumab was administered from the confirmation of pregnancy through delivery at exposure levels approximately 3 to 11 times the clinical exposure (based on AUC) at the clinical dose of 1500 mg every 3 weeks and 6 to 20 times at the clinical dose of 10 mg/kg every 2 weeks. Administration of durvalumab resulted in premature delivery, foetal loss (abortion and stillbirth) and increase in neonatal deaths compared to concurrent controls. Durvalumab was detected in infant serum on postpartum Day 1, indicating the presence of placental transfer of durvalumab. Based on its mechanism of action, foetal exposure to durvalumab may increase the risk of developing immune-mediated disorders or altering the normal immune response and immunemediated disorders have been reported in PD-1 knockout mice.",2,0,0,181,18,1,0,0,0,2.151639344262295,0,0
214,Use in lactation,1,0,0,3,1,0,0,0,0,7.142857142857143,0,0
215,"There is no information regarding the presence of durvalumab in human milk, the absorption and effects on the breast-fed infant, or the effects on milk production.  Human IgG is excreted in human milk. In animal reproduction studies, administration of durvalumab to pregnant cynomolgus monkeys was associated with dose-related low-level excretion of durvalumab in breast milk and was associated with premature neonatal death compared to concurrent controls. Because of the potential for adverse reactions in breastfed infants from durvalumab, lactating women should be advised not to breast-feed during treatment and for at least 3 months after the last dose.",2,0,0,98,19,1,0,0,0,1.094890510948905,0,0
216,4.7 	Effects on ability to drive and use machines,1,0,0,9,3,0,0,0,0,2.7027027027027026,0,1
217,"Based on its pharmacodynamic properties, durvalumab is unlikely to affect the ability to drive and use machines. However, if patients experience adverse reactions affecting their ability to concentrate and react, they should be advised to use caution when driving or operating machinery.",2,0,0,42,13,1,0,0,0,0.8298755186721992,0,0
218,4.8 	Adverse effects (undesirable effects),1,0,0,5,0,0,0,0,0,3.125,0,1
219,Overall summary of adverse drug reactions,1,0,0,6,1,0,0,0,0,2.7777777777777777,0,0
220,"The safety of IMFINZI as monotherapy is based on pooled data in 3006 patients from 9 studies across multiple tumour types. IMFINZI was administered at a dose of 10 mg/kg every 2 weeks or 20 mg/kg every 4 weeks. The most frequent (>10%) adverse reactions were cough/productive cough (21.5%), diarrhoea (16.3%), rash (16.0%), pyrexia (13.8%), upper respiratory tract infections (13.5%), abdominal pain (12.7%), pruritus (10.8%) and hypothyroidism (10.1%).",2,0,0,68,13,1,0,0,1,5.3156146179401995,0,0
221,Tabulated list of adverse reactions,1,0,0,5,1,0,0,0,0,3.225806451612903,0,0
222,"Table 3 lists the incidence of adverse reactions in the monotherapy safety dataset. Adverse drug reactions are listed according to system organ class in MedDRA. Within each system organ class, the adverse drug reactions are presented in decreasing frequency. Within each frequency grouping, adverse drug reactions are presented in order of decreasing seriousness. In addition, the corresponding frequency category for each ADR is based on the CIOMS III convention and is defined as: very common (ò 1/10); common (ò 1/100 to < 1/10); uncommon (ò 1/1,000 to < 1/100); rare (ò 1/10,000 to < 1/1000); very rare (< 1/10,000); not determined (cannot be estimated from available data).",2,0,1,107,14,1,1,0,0,4.081632653061225,0,0
223,Table 3 	Adverse drug reactions in patients treated with IMFINZI monotherapy,2,0,1,11,2,0,1,0,0,14.0625,0,0
224,IMFINZI Monotherapy,2,0,0,2,0,0,0,0,0,44.44444444444444,0,0
225,Any Grade (%),2,0,0,3,0,0,0,0,1,25.0,0,0
226,Grade 3-4 (%),2,0,0,3,0,0,0,0,1,20.0,0,0
227,Infections and infestations,2,0,0,3,1,0,0,0,0,4.0,0,0
228,Upper respiratory tract infectionsa,2,0,0,4,0,0,0,0,0,3.125,0,0
229,Very common,2,0,0,2,0,0,0,0,0,10.0,0,0
231,Uncommon,2,0,0,1,0,0,0,0,0,12.5,0,0
233,"Pneumoniab,c",2,0,0,1,0,0,0,0,0,9.090909090909092,0,0
234,Common,2,0,0,1,0,0,0,0,0,16.666666666666668,0,0
236,Common,2,0,0,1,0,0,0,0,0,16.666666666666668,0,0
238,Oral candidiasis,2,0,0,2,0,0,0,0,0,6.666666666666667,0,0
239,Common,2,0,0,1,0,0,0,0,0,16.666666666666668,0,0
242,Dental and oral soft tissue infectionsd,2,0,0,6,1,0,0,0,0,2.9411764705882355,0,0
243,Common,2,0,0,1,0,0,0,0,0,16.666666666666668,0,0
245,Rare,2,0,0,1,0,0,0,0,0,25.0,0,0
247,Influenza,2,0,0,1,0,0,0,0,0,11.11111111111111,0,0
248,Common,2,0,0,1,0,0,0,0,0,16.666666666666668,0,0
250,Rare,2,0,0,1,0,0,0,0,0,25.0,0,0
252,Blood and lymphatic system disorders,2,0,0,5,1,0,0,0,0,3.125,0,0
253,Immune thrombocytopenia,2,0,0,2,0,0,0,0,0,4.545454545454546,0,0
254,Rare,2,0,0,1,0,0,0,0,0,25.0,0,0
256,Rare,2,0,0,1,0,0,0,0,0,25.0,0,0
258,Endocrine disorders,2,0,0,2,0,0,0,0,0,5.555555555555555,0,0
259,Hypothyroidisme,2,0,0,1,0,0,0,0,0,6.666666666666667,0,0
260,Very common,2,0,0,2,0,0,0,0,0,10.0,0,0
262,Uncommon,2,0,0,1,0,0,0,0,0,12.5,0,0
264,Hyperthyroidismf,2,0,0,1,0,0,0,0,0,6.25,0,0
265,Common,2,0,0,1,0,0,0,0,0,16.666666666666668,0,0
268,Thyroiditisg,2,0,0,1,0,0,0,0,0,8.333333333333334,0,0
269,Uncommon,2,0,0,1,0,0,0,0,0,12.5,0,0
271,Rare,2,0,0,1,0,0,0,0,0,25.0,0,0
273,Adrenal insufficiency,2,0,0,2,0,0,0,0,0,5.0,0,0
274,Uncommon,2,0,0,1,0,0,0,0,0,12.5,0,0
276,Rare,2,0,0,1,0,0,0,0,0,25.0,0,0
278,Type 1 diabetes mellitus,2,0,0,4,0,0,0,0,0,5.0,0,0
279,Rare,2,0,0,1,0,0,0,0,0,25.0,0,0
281,Rare,2,0,0,1,0,0,0,0,0,25.0,0,0
283,Hypophysitis/,2,0,0,1,0,0,0,0,0,8.333333333333334,0,0
284,Hypopituitarism,2,0,0,1,0,0,0,0,0,6.666666666666667,0,0
285,Rare,2,0,0,1,0,0,0,0,0,25.0,0,0
287,Rare,2,0,0,1,0,0,0,0,0,25.0,0,0
289,IMFINZI Monotherapy,2,0,0,2,0,0,0,0,0,44.44444444444444,0,0
290,Any Grade (%),2,0,0,3,0,0,0,0,1,25.0,0,0
291,Grade 3-4 (%),2,0,0,3,0,0,0,0,1,20.0,0,0
292,Diabetes insipidus,2,0,0,2,0,0,0,0,0,5.882352941176471,0,0
293,Rare,2,0,0,1,0,0,0,0,0,25.0,0,0
295,Rare,2,0,0,1,0,0,0,0,0,25.0,0,0
297,Nervous System Disorders,2,0,0,3,0,0,0,0,0,13.636363636363637,0,0
298,Myasthenia gravis,2,0,0,2,0,0,0,0,0,6.25,0,0
299,Not determinedh,2,0,0,2,0,0,0,0,0,7.142857142857143,0,0
300,Not determinedh,2,0,0,2,0,0,0,0,0,7.142857142857143,0,0
301,Cardiac disorders,2,0,0,2,0,0,0,0,0,6.25,0,0
302,Myocarditis,2,0,0,1,0,0,0,0,0,9.090909090909092,0,0
303,Rare,2,0,0,1,0,0,0,0,0,25.0,0,0
305,Rare,2,0,0,1,0,0,0,0,0,25.0,0,0
307,"Respiratory, thoracic and mediastinal disorders",2,0,0,5,1,0,0,0,0,2.380952380952381,0,0
308,Cough/Productive Cough,2,0,0,2,0,0,0,0,0,15.0,0,0
309,Very common,2,0,0,2,0,0,0,0,0,10.0,0,0
311,Uncommon,2,0,0,1,0,0,0,0,0,12.5,0,0
313,Pneumonitisc,2,0,0,1,0,0,0,0,0,8.333333333333334,0,0
314,Common,2,0,0,1,0,0,0,0,0,16.666666666666668,0,0
316,Uncommon,2,0,0,1,0,0,0,0,0,12.5,0,0
318,Dysphonia,2,0,0,1,0,0,0,0,0,11.11111111111111,0,0
319,Common,2,0,0,1,0,0,0,0,0,16.666666666666668,0,0
321,Rare,2,0,0,1,0,0,0,0,0,25.0,0,0
323,Interstitial lung disease,2,0,0,3,0,0,0,0,0,4.3478260869565215,0,0
324,Uncommon,2,0,0,1,0,0,0,0,0,12.5,0,0
326,Uncommon,2,0,0,1,0,0,0,0,0,12.5,0,0
328,Gastrointestinal disorders,2,0,0,2,0,0,0,0,0,4.0,0,0
329,Diarrhoea,2,0,0,1,0,0,0,0,0,11.11111111111111,0,0
330,Very common,2,0,0,2,0,0,0,0,0,10.0,0,0
332,Uncommon,2,0,0,1,0,0,0,0,0,12.5,0,0
334,Abdominal paini,2,0,0,2,0,0,0,0,0,7.142857142857143,0,0
335,Very common,2,0,0,2,0,0,0,0,0,10.0,0,0
337,Common,2,0,0,1,0,0,0,0,0,16.666666666666668,0,0
339,Colitisj,2,0,0,1,0,0,0,0,0,12.5,0,0
340,Uncommon,2,0,0,1,0,0,0,0,0,12.5,0,0
342,Uncommon,2,0,0,1,0,0,0,0,0,12.5,0,0
344,Hepatobiliary disorders,2,0,0,2,0,0,0,0,0,4.545454545454546,0,0
345,"Aspartate aminotransferase increased or Alanine aminotransferase increasedc,k",2,0,0,7,1,0,0,0,0,2.857142857142857,0,0
346,Common,2,0,0,1,0,0,0,0,0,16.666666666666668,0,0
348,Common,2,0,0,1,0,0,0,0,0,16.666666666666668,0,0
350,"Hepatitisc,l",2,0,0,1,0,0,0,0,0,9.090909090909092,0,0
351,Uncommon,2,0,0,1,0,0,0,0,0,12.5,0,0
353,Uncommon,2,0,0,1,0,0,0,0,0,12.5,0,0
355,Skin and subcutaneous tissue disorders,2,0,0,5,1,0,0,0,0,2.9411764705882355,0,0
356,Rashm,2,0,0,1,0,0,0,0,0,20.0,0,0
357,Very common,2,0,0,2,0,0,0,0,0,10.0,0,0
359,Uncommon,2,0,0,1,0,0,0,0,0,12.5,0,0
361,Pruritusn,2,0,0,1,0,0,0,0,0,11.11111111111111,0,0
362,Very common,2,0,0,2,0,0,0,0,0,10.0,0,0
364,Rare,2,0,0,1,0,0,0,0,0,25.0,0,0
366,Night sweats,2,0,0,2,0,0,0,0,0,9.090909090909092,0,0
367,Common,2,0,0,1,0,0,0,0,0,16.666666666666668,0,0
369,Rare,2,0,0,1,0,0,0,0,0,25.0,0,0
371,Dermatitis,2,0,0,1,0,0,0,0,0,10.0,0,0
372,Uncommon,2,0,0,1,0,0,0,0,0,12.5,0,0
374,Rare,2,0,0,1,0,0,0,0,0,25.0,0,0
376,Pemphigoido,2,0,0,1,0,0,0,0,0,9.090909090909092,0,0
377,Rare,2,0,0,1,0,0,0,0,0,25.0,0,0
380,Musculoskeletal and connective tissue disorders,2,0,0,5,1,0,0,0,0,2.3255813953488373,0,0
381,Myalgia,2,0,0,1,0,0,0,0,0,14.285714285714286,0,0
382,Common,2,0,0,1,0,0,0,0,0,16.666666666666668,0,0
384,Rare,2,0,0,1,0,0,0,0,0,25.0,0,0
386,Myositis,2,0,0,1,0,0,0,0,0,12.5,0,0
387,Uncommon,2,0,0,1,0,0,0,0,0,12.5,0,0
389,Rare,2,0,0,1,0,0,0,0,0,25.0,0,0
391,Polymyositis,2,0,0,1,0,0,0,0,0,8.333333333333334,0,0
392,Not determinedp,2,0,0,2,0,0,0,0,0,7.142857142857143,0,0
393,Not determinedp,2,0,0,2,0,0,0,0,0,7.142857142857143,0,0
394,Renal and urinary disorders,2,0,0,4,1,0,0,0,0,4.166666666666667,0,0
395,Blood creatinine increased,2,0,0,3,0,0,0,0,0,4.166666666666667,0,0
396,Common,2,0,0,1,0,0,0,0,0,16.666666666666668,0,0
398,Rare,2,0,0,1,0,0,0,0,0,25.0,0,0
400,Dysuria,2,0,0,1,0,0,0,0,0,14.285714285714286,0,0
401,Common,2,0,0,1,0,0,0,0,0,16.666666666666668,0,0
404,Nephritisq,2,0,0,1,0,0,0,0,0,10.0,0,0
405,Uncommon,2,0,0,1,0,0,0,0,0,12.5,0,0
407,Rare,2,0,0,1,0,0,0,0,0,25.0,0,0
409,General disorders and administration site conditions,2,0,0,6,1,0,0,0,0,2.127659574468085,0,0
410,Pyrexia,2,0,0,1,0,0,0,0,0,14.285714285714286,0,0
411,Very common,2,0,0,2,0,0,0,0,0,10.0,0,0
413,Uncommon,2,0,0,1,0,0,0,0,0,12.5,0,0
415,Peripheral oedemar,2,0,0,2,0,0,0,0,0,5.882352941176471,0,0
416,Common,2,0,0,1,0,0,0,0,0,16.666666666666668,0,0
418,Uncommon,2,0,0,1,0,0,0,0,0,12.5,0,0
420,"Injury, poisoning and procedural complications",2,0,0,5,1,0,0,0,0,2.4390243902439024,0,0
421,Infusion related reactions,2,0,0,3,0,0,0,0,0,4.166666666666667,0,0
422,Common,2,0,0,1,0,0,0,0,0,16.666666666666668,0,0
424,Uncommon,2,0,0,1,0,0,0,0,0,12.5,0,0
426,"a includes laryngitis, nasopharyngitis, peritonsillar abscess, pharyngitis, rhinitis, sinusitis, tonsillitis, tracheobronchitis and upper respiratory tract infection.",2,0,0,16,2,1,0,0,0,0.0,0,0
427,"b includes lung infection, pneumocystis jirovecii pneumonia, pneumonia, pneumonia adenoviral, pneumonia bacterial, pneumonia cytomegaloviral, pneumonia haemophilus, pneumonia pneumococcal, pneumonia streptococcal, candida pneumonia and pneumonia legionella.",2,0,0,25,1,1,0,0,0,0.0,0,0
428,"c including fatal outcome.  d 	includes gingivitis, oral infection, periodontitis, pulpitis dental, tooth abscess and tooth infection.  e 	includes autoimmune hypothyroidism, hypothyroidism. f 	includes hyperthyroidism and Basedow's disease. g 	includes autoimmune thyroiditis, thyroiditis, and thyroiditis subacute.",2,0,0,36,2,1,0,0,0,0.3816793893129771,0,0
429,"h Reported frequency from AstraZeneca-sponsored clinical studies outside of the pooled dataset is rare, with no events at  Grade > 2.",2,0,0,21,7,1,0,0,0,3.7383177570093458,0,0
430,"i includes abdominal pain, abdominal pain lower, abdominal pain upper and flank pain. j 	includes colitis, enteritis, enterocolitis, and proctitis.",2,0,0,20,2,1,0,0,0,0.0,0,0
431,"k includes alanine aminotransferase increased, aspartate aminotransferase increased, hepatic enzyme increased and transaminases increased.",2,0,0,14,1,1,0,0,0,0.0,0,0
432,"l includes hepatitis, autoimmune hepatitis, hepatitis toxic, hepatocellular injury, hepatitis acute, hepatotoxicity and immunemediated hepatitis.",2,0,0,15,1,1,0,0,0,0.0,0,0
433,"m includes rash erythematous, rash generalised, rash macular, rash maculopapular, rash papular, rash pruritic, rash pustular, erythema, eczema and rash.",2,0,0,20,2,1,0,0,0,0.0,0,0
434,"n includes pruritus generalised and pruritus. o 	includes pemphigoid, dermatitis bullous and pemphigus. Reported frequency from completed and ongoing trials is uncommon.",2,0,0,22,4,1,0,0,0,0.6993006993006993,0,0
435,"p Polymyositis (fatal) was observed in a patient treated with IMFINZI from an ongoing sponsored clinical study outside of the pooled dataset: rare in any grade, rare in Grade 3 or 4 or 5.",2,0,0,34,10,1,0,0,0,6.164383561643835,0,0
436,"q includes autoimmune nephritis, tubulointerstitial nephritis, nephritis, glomerulonephritis and glomerulonephritis membranous. r 	includes oedema peripheral and peripheral swelling. s 	includes infusion related reaction and urticaria with onset on the day of dosing or 1 day after dosing.",2,0,0,37,8,1,0,0,0,0.0,0,0
437,"The data described below reflect exposure to IMFINZI as a single agent, in patients with locally advanced, unresectable NSCLC in the PACIFIC study (see 5.1 Pharmacodynamic properties ? Clinical trials) and in patients with ES-SCLC enrolled in the CASPIAN study.",2,0,0,40,8,1,0,0,0,16.50943396226415,0,0
438,Tabulated list of adverse events,1,0,0,5,1,0,0,0,0,3.5714285714285716,0,0
439,"Adverse events are listed according to MedDRA system organ class. Within each system organ class, the adverse events are presented in decreasing frequency.",2,0,0,23,5,1,0,0,0,4.615384615384615,0,0
440,Locally advanced NSCLC ? PACIFIC study,1,0,0,6,0,0,0,0,0,40.625,0,0
441,"The safety of IMFINZI in patients with locally advanced NSCLC who completed concurrent platinum-based chemoradiotherapy within 42 days prior to initiation of study drug was evaluated in the PACIFIC study, a multicentre, randomised, double-blind, placebo-controlled study. A total of 475 patients received IMFINZI 10 mg/kg intravenously every 2 weeks. The study excluded patients who had disease progression following chemoradiation, with active or prior autoimmune disease within 2 years of initiation of the study or with medical conditions that required systemic immunosuppression (see 5.1 Pharmacodynamic properties ? Clinical trials).",2,0,0,88,11,1,0,0,0,5.916030534351145,0,0
442,"The study population characteristics were: median age of 64 years (range: 23 to 90), 45% age 65 years or older, 70% male, 69% White, 27% Asian, 75% former smoker, 16% current smoker, and 51% had WHO performance status of 1. All patients received definitive radiotherapy as per protocol, of which 92% received a total radiation dose of 54 Gy to 66 Gy. The median duration of exposure to IMFINZI was 10 months (range: 0.2 to 12.6).",2,0,0,76,9,1,0,0,1,5.862068965517241,0,0
443,"IMFINZI was discontinued due to adverse events in 15% of patients. The most common adverse events leading to IMFINZI discontinuation were pneumonitis or radiation pneumonitis in 6% of patients. Serious adverse events occurred in 29% of patients receiving IMFINZI. The most frequent serious adverse events reported in at least 2% of patients were pneumonitis or radiation pneumonitis (7%) and pneumonia (6%). Fatal pneumonitis or radiation pneumonitis and fatal pneumonia occurred in < 2% of patients and were similar across arms. The most common adverse events (occurring in ò 20% of patients) were cough, fatigue, pneumonitis or radiation pneumonitis, upper respiratory tract infections, dyspnoea and rash.",2,0,0,105,9,1,0,0,1,4.593639575971731,0,0
444,Table 4 summarises the adverse events that occurred in at least 10% of patients treated with IMFINZI.,2,0,1,17,6,1,1,0,1,10.0,0,0
445,Table 4 	Treatment-emergent adverse events occurring in at least 10% of patients in the PACIFIC Study,2,0,1,16,4,0,1,0,1,12.5,0,0
446,IMFINZI  N=475,2,0,0,2,0,0,0,0,0,100.0,0,0
447,Placeboa N=234,2,0,0,2,0,0,0,0,0,22.22222222222222,0,0
448,Adverse reaction,2,0,0,2,0,0,0,0,0,6.666666666666667,0,0
449,All grades (%),2,0,0,3,0,0,0,0,1,11.11111111111111,0,0
450,Grades 3-4 (%),2,0,0,3,0,0,0,0,1,16.666666666666668,0,0
451,All grades (%),2,0,0,3,0,0,0,0,1,11.11111111111111,0,0
452,Grades 3-4 (%),2,0,0,3,0,0,0,0,1,16.666666666666668,0,0
453,"Respiratory, thoracic and mediastinal disorders",2,0,0,5,1,0,0,0,0,2.380952380952381,0,0
454,Cough/productive cough,2,0,0,2,0,0,0,0,0,5.0,0,0
459,Pneumonitisb/radiation pneumonitis,2,0,0,2,0,0,0,0,0,3.125,0,0
464,Dyspnoeac,2,0,0,1,0,0,0,0,0,11.11111111111111,0,0
469,Gastrointestinal disorders,2,0,0,2,0,0,0,0,0,4.0,0,0
470,Diarrhoea,2,0,0,1,0,0,0,0,0,11.11111111111111,0,0
475,Abdominal paind,2,0,0,2,0,0,0,0,0,7.142857142857143,0,0
480,Endocrine disorders,2,0,0,2,0,0,0,0,0,5.555555555555555,0,0
481,Hypothyroidisme,2,0,0,1,0,0,0,0,0,6.666666666666667,0,0
486,Skin and subcutaneous tissue disorders,2,0,0,5,1,0,0,0,0,2.9411764705882355,0,0
487,Rashf,2,0,0,1,0,0,0,0,0,20.0,0,0
492,Pruritusg,2,0,0,1,0,0,0,0,0,11.11111111111111,0,0
497,General disorders and administration site conditions,2,0,0,6,1,0,0,0,0,2.127659574468085,0,0
498,Fatigueh,2,0,0,1,0,0,0,0,0,12.5,0,0
503,Pyrexia,2,0,0,1,0,0,0,0,0,14.285714285714286,0,0
508,Infections,2,0,0,1,0,0,0,0,0,10.0,0,0
509,Upper respiratory tract infectionsi,2,0,0,4,0,0,0,0,0,3.125,0,0
514,Pneumoniaj,2,0,0,1,0,0,0,0,0,10.0,0,0
519,"a The PACIFIC study was not designed to demonstrate statistically significant difference in adverse event rates for IMFINZI, as compared to placebo, for any specific adverse event listed in Table 4",2,0,1,31,8,0,1,0,0,9.75609756097561,0,0
520,"b includes acute interstitial pneumonitis, interstitial lung disease, pneumonitis, pulmonary fibrosis c 	includes dyspnoea and exertional dyspnoea",2,0,0,17,1,0,0,0,0,0.0,0,0
521,"d includes abdominal pain, abdominal pain lower, abdominal pain upper, and flank pain",2,0,0,13,2,0,0,0,0,0.0,0,0
522,e includes autoimmune hypothyroidism and hypothyroidism,2,0,0,6,1,0,0,0,0,0.0,0,0
523,"f includes rash erythematous, rash generalized, rash macular, rash maculopapular, rash papular, rash pruritic, rash pustular, erythema, eczema, rash and dermatitis",2,0,0,21,1,0,0,0,0,0.0,0,0
524,"g includes pruritus generalized and pruritus h 	includes asthenia and fatigue i 	includes laryngitis, nasopharyngitis, peritonsillar abscess, pharyngitis, rhinitis, sinusitis, tonsillitis, tracheobronchitis, and upper respiratory tract infection",2,0,0,27,2,0,0,0,0,0.0,0,0
525,"j 	includes lung infection, pneumocystis jirovecii pneumonia, pneumonia, pneumonia adenoviral, pneumonia bacterial, pneumonia cytomegaloviral, pneumonia haemophilus, pneumonia klebsiella, pneumonia necrotising, pneumonia pneumococcal, and pneumonia streptococcal",2,0,0,25,1,0,0,0,0,0.0,0,0
526,"Other adverse events occurring in less than 10% of patients treated with IMFINZI were dysphonia, dysuria, night sweats, peripheral oedema, and increased susceptibility to infections.",2,0,0,25,7,1,0,0,1,5.333333333333333,0,0
527,Small Cell Lung Cancer (ES-SCLC) ? CASPIAN Study,1,0,0,8,0,0,0,0,0,48.648648648648646,0,0
528,"The safety of IMFINZI in combination with etoposide and either carboplatin or cisplatin in previously untreated ES-SCLC was evaluated in CASPIAN, a randomized, open-label, multicentre, active-controlled trial. A total of 265 patients received IMFINZI 1500 mg in combination with chemotherapy every 3 weeks for 4 cycles followed by IMFINZI 1500 mg every 4 weeks until disease progression or unacceptable toxicity. The trial excluded patients with active or prior autoimmune disease or with medical conditions that required systemic corticosteroids or immunosuppressants [see 5.1 Pharmacodynamic properties ? Clinical trials).",2,0,0,87,11,1,0,0,0,7.677165354330708,0,0
529,"Among 266 patients receiving chemotherapy alone, 57% of the patients received 6 cycles of chemotherapy and 8% of the patients received PCI after chemotherapy.",2,0,0,24,4,1,0,0,1,3.225806451612903,0,0
530,"IMFINZI was discontinued due to adverse reactions in 7% of the patients receiving IMFINZI plus chemotherapy. These include pneumonitis, hepatotoxicity, neurotoxicity, sepsis, diabetic ketoacidosis and pancytopenia (1 patient each). Serious adverse reactions occurred in 31% of patients receiving IMFINZI plus chemotherapy. The most frequent serious adverse reactions reported in at least 1% of patients were febrile neutropenia (4.5%), pneumonia (2.3%), anaemia (1.9%), pancytopenia (1.5%), pneumonitis (1.1%)  and COPD (1.1%). Fatal adverse reactions occurred in 4.9% of patients receiving IMFINZI plus chemotherapy. These include pancytopenia, sepsis, septic shock, pulmonary artery thrombosis, pulmonary embolism, and hepatitis (1 patient each) and sudden death (2 patients). The most common adverse reactions (occurring in ò 20% of patients) were nausea, fatigue/asthenia and alopecia.",2,0,0,118,9,1,0,0,1,5.531295487627365,0,0
531,Table 5 summarises the adverse reactions that occurred in patients treated with IMFINZI plus chemotherapy.,2,0,1,15,4,1,1,0,0,8.88888888888889,0,0
532,Table 5 	Adverse Reactions Occurring in ò 10% Patients in the CASPIAN study,2,0,1,13,2,0,1,0,1,21.05263157894737,0,0
533,IMFINZI with etoposide and either carboplatin or cisplatin  N = 265,2,0,0,11,3,0,0,0,0,15.384615384615385,0,0
534,Etoposide and either carboplatin  or cisplatin,2,0,0,6,2,0,0,0,0,2.5,0,0
535,N = 266,2,0,0,3,0,0,0,0,0,100.0,0,0
536,Adverse Reaction,2,0,0,2,0,0,0,0,0,13.333333333333334,0,0
537,All Grades (%),2,0,0,3,0,0,0,0,1,22.22222222222222,0,0
538,Grade 3-4 (%),2,0,0,3,0,0,0,0,1,20.0,0,0
539,All Grades (%),2,0,0,3,0,0,0,0,1,22.22222222222222,0,0
540,Grade 3-4 (%),2,0,0,3,0,0,0,0,1,20.0,0,0
541,"Respiratory, thoracic and mediastinal disorders",2,0,0,5,1,0,0,0,0,2.380952380952381,0,0
542,Cough/Productive Cough,2,0,0,2,0,0,0,0,0,15.0,0,0
547,Gastrointestinal disorders,2,0,0,2,0,0,0,0,0,4.0,0,0
548,Nausea,2,0,0,1,0,0,0,0,0,16.666666666666668,0,0
553,Constipation,2,0,0,1,0,0,0,0,0,8.333333333333334,0,0
558,Vomiting,2,0,0,1,0,0,0,0,0,12.5,0,0
563,Diarrhoea,2,0,0,1,0,0,0,0,0,11.11111111111111,0,0
568,Endocrine disorders,2,0,0,2,0,0,0,0,0,5.555555555555555,0,0
569,Hyperthyroidisma,2,0,0,1,0,0,0,0,0,6.25,0,0
574,Skin and subcutaneous tissue disorders,2,0,0,5,1,0,0,0,0,2.9411764705882355,0,0
575,Alopecia,2,0,0,1,0,0,0,0,0,12.5,0,0
580,Rashb,2,0,0,1,0,0,0,0,0,20.0,0,0
585,General disorders and administration site conditions,2,0,0,6,1,0,0,0,0,2.127659574468085,0,0
586,Fatigue/Asthenia,2,0,0,1,0,0,0,0,0,13.333333333333334,0,0
591,Metabolism and nutrition disorders,2,0,0,4,1,0,0,0,0,3.225806451612903,0,0
592,Decreased appetite,2,0,0,2,0,0,0,0,0,5.882352941176471,0,0
597,a Includes hyperthyroidism and Basedow's disease,2,0,0,6,2,0,0,0,0,4.761904761904762,0,0
598,"b Includes rash erythematous, rash generalised, rash macular, rash maculopapular, rash papular, rash pruritic, rash pustular, erythema, eczema, rash and dermatitis",2,0,0,21,1,0,0,0,0,0.746268656716418,0,0
599,Table 6 summarises the laboratory abnormalities that occurred in at least 20% of patients treated with IMFINZI plus chemotherapy.,2,0,1,19,6,1,1,0,1,7.547169811320755,0,0
600,Table 6 	Laboratory Abnormalities Worsening from Baseline Occurring in ò 20%1 of Patients in the CASPIAN study,2,0,1,17,4,0,1,0,1,16.091954022988507,0,0
601,IMFINZI with Etoposide and either Carboplatin or Cisplatin,2,0,0,8,3,0,0,0,0,19.607843137254903,0,0
602,Etoposide and either,2,0,0,3,1,0,0,0,0,5.555555555555555,0,0
603,Carboplatin or Cisplatin,2,0,0,3,1,0,0,0,0,9.090909090909092,0,0
604,Laboratory Abnormality,2,0,0,2,0,0,0,0,0,9.523809523809524,0,0
605,Grade2 3 or 4 (%)3,2,0,0,5,1,0,0,0,1,14.285714285714286,0,0
606,Grade2 3 or 4 (%)3,2,0,0,5,1,0,0,0,1,14.285714285714286,0,0
607,Chemistry,2,0,0,1,0,0,0,0,0,11.11111111111111,0,0
608,Hyponatraemia,2,0,0,1,0,0,0,0,0,7.6923076923076925,0,0
611,Hypomagnesemia,2,0,0,1,0,0,0,0,0,7.142857142857143,0,0
614,Hyperglycaemia,2,0,0,1,0,0,0,0,0,7.142857142857143,0,0
617,Increased Alkaline Phosphatase,2,0,0,3,0,0,0,0,0,10.714285714285714,0,0
620,Increased ALT,2,0,0,2,0,0,0,0,0,33.333333333333336,0,0
623,Increased AST,2,0,0,2,0,0,0,0,0,33.333333333333336,0,0
626,Hypocalcaemia,2,0,0,1,0,0,0,0,0,7.6923076923076925,0,0
629,Blood creatinine increased,2,0,0,3,0,0,0,0,0,4.166666666666667,0,0
632,Hyperkalaemia,2,0,0,1,0,0,0,0,0,7.6923076923076925,0,0
635,TSH decreased < LLN4 and ò LLN at baseline,2,0,0,9,2,0,0,0,0,29.032258064516128,0,0
636,Haematology,2,0,0,1,0,0,0,0,0,9.090909090909092,0,0
637,Neutropenia,2,0,0,1,0,0,0,0,0,9.090909090909092,0,0
640,Lymphopenia,2,0,0,1,0,0,0,0,0,9.090909090909092,0,0
643,Anaemia,2,0,0,1,0,0,0,0,0,14.285714285714286,0,0
646,Thrombocytopenia,2,0,0,1,0,0,0,0,0,6.25,0,0
649,1 The frequency cut off is based on any grade change from baseline,2,0,0,13,5,0,0,0,0,1.8867924528301887,1,0
650,2 Graded according to NCI CTCAE version 4.03,2,0,0,8,1,0,0,0,0,28.125,1,0
651,3 Each test incidence is based on the number of patients who had both baseline and at least one on-study laboratory measurement available: IMFINZI (range: 258 to 263) and chemotherapy (range: 253 to 262) except magnesium IMFINZI + chemotherapy (18) and chemotherapy (16),2,0,0,43,10,0,0,0,0,7.575757575757576,1,0
652,4 LLN = lower limit of normal,2,0,0,7,1,0,0,0,0,14.285714285714286,1,0
653,Laboratory abnormalities,1,0,0,2,0,0,0,0,0,4.3478260869565215,0,0
654,"In patients treated with durvalumab monotherapy, the proportion of patients who experienced a shift from baseline to a Grade 3 or 4 laboratory abnormality was as follows: 2.4% for alanine aminotransferase increased, 3.6% for aspartate aminotransferase increased and 0.5% for blood creatinine increased. The proportion of patients who experienced a shift from baseline to any grade was 18.8% for TSH elevated > ULN and above baseline and 18.1% for TSH decreased < LLN and below baseline.",2,0,0,76,15,1,0,0,1,3.9473684210526314,0,0
655,"In patients treated with durvalumab in combination with chemotherapy, the proportion of patients who experienced a shift from baseline to a Grade 3 or 4 laboratory abnormality was as follows: 4.9% for alanine aminotransferase increased, 4.6% for aspartate aminotransferase increased and 3.4% for blood creatinine increased. The proportion of patients who experienced a shift from baseline to any grade was 17.7% for TSH elevated > ULN and above baseline and 31.3% for TSH decreased < LLN and below baseline.",2,0,0,79,16,1,0,0,1,3.7688442211055277,0,0
656,Description of selected adverse reactions,1,0,0,5,1,0,0,0,0,2.7027027027027026,0,0
657,The data below reflect information for significant adverse reactions for IMFINZI as monotherapy in the pooled safety dataset across tumour types (n=3006). Significant adverse reactions for IMFINZI when given in combination with chemotherapy were consistent with IMFINZI monotherapy and did not present clinically relevant differences.,2,0,0,45,11,1,0,0,0,8.185053380782918,0,0
658,The management guidelines for these adverse reactions are described in sections 4.2 and 4.4.,2,0,0,14,5,1,0,0,0,1.3888888888888888,0,0
659,Immune-mediated pneumonitis,1,0,0,2,0,0,0,0,0,4.0,0,0
660,"In patients receiving IMFINZI monotherapy, immune-mediated pneumonitis occurred in 92 (3.1%) patients, including Grade 3 in 25 (0.8%) patients, Grade 4 in 2 (< 0.1%) patients, and Grade 5 in 6 (0.2%) patients. The median time to onset was 55 days (range: 2-785 days). Sixty-nine of the 92 patients received high-dose corticosteroid treatment (at least 40 mg prednisone or equivalent per day), 2 patients also received infliximab and 1 patient also received cyclosporine. IMFINZI was discontinued in 38 patients. Resolution occurred in 53 patients.",2,0,0,84,7,1,0,0,1,5.3164556962025316,0,0
661,"Immune-mediated pneumonitis occurred more frequently in patients in the PACIFIC Study who had completed treatment with concurrent chemoradiation within 1 to 42 days prior to initiation of the study (9.9%), compared to the other patients in the combined safety database (1.8%). In the PACIFIC Study, (n= 475 in the IMFINZI arm, and n= 234 in the placebo arm) immune-mediated pneumonitis occurred in 47 (9.9%) patients in the IMFINZI treated group and 14 (6.0%) patients in the placebo group, including Grade 3 in 9 (1.9%) patients on IMFINZI vs. 6 (2.6%) patients on placebo and Grade 5 (fatal) in 4 (0.8%) patients on IMFINZI vs. 3 (1.3%) patients on placebo. The median time to onset in the IMFINZI treated group was 46 days (range: 2- 342 days) vs. 57 days (range: 26 - 253 days) in the placebo group. In the IMFINZI treated group, 30 patients received high dose corticosteroid treatment (at least 40 mg prednisone or equivalent per day), and 2 patients also received infliximab. In the placebo group, 12 patients received high dose corticosteroid treatment (at least 40 mg prednisone or equivalent per day) and 1 patient also received cyclophosphamide and tacrolimus. Resolution occurred for 29 patients in the IMFINZI treated group vs 6 in placebo.",2,0,0,207,14,1,0,0,1,7.960741548527808,0,0
662,Immune-mediated hepatitis,1,0,0,2,0,0,0,0,0,4.3478260869565215,0,0
663,"In patients receiving IMFINZI monotherapy, immune-mediated hepatitis occurred in 67 (2.2%) patients, including Grade 3 in 35 (1.2%) patients, Grade 4 in 6 (0.2%) and Grade 5 in 4 (0.1%) patient. The median time to onset was 36 days (range: 3-333 days). Forty-four of the 67 patients received high-dose corticosteroid treatment (at least 40 mg prednisone or equivalent per day). Three patients also received mycophenolate treatment. IMFINZI was discontinued in 9 patients. Resolution occurred in 29 patients.",2,0,0,77,7,1,0,0,1,5.994550408719346,0,0
664,Immune-mediated colitis,1,0,0,2,0,0,0,0,0,4.761904761904762,0,0
665,"In patients receiving IMFINZI monotherapy, immune-mediated colitis or diarrhoea occurred in 58 (1.9%) patients, including Grade 3 in 9 (0.3%) patients and Grade 4 in 2 (<0.1%) patients. The median time to onset was 70 days (range: 1-394 days). Thirty-eight of the 58 patients received highdose corticosteroid treatment (at least 40 mg prednisone or equivalent per day). One patient also received infliximab treatment and one patient also received mycophenolate treatment. IMFINZI was discontinued in 9 patients. Resolution occurred in 43 patients.",2,0,0,81,7,1,0,0,1,5.084745762711864,0,0
666,Immune-mediated endocrinopathies,1,0,0,2,0,0,0,0,0,3.3333333333333335,0,0
667,Immune-mediated hypothyroidism,1,0,0,2,0,0,0,0,0,3.5714285714285716,0,0
668,"In patients receiving IMFINZI monotherapy, immune-mediated hypothyroidism occurred in 245",2,0,0,10,1,0,0,0,0,10.666666666666666,0,0
669,"(8.2%) patients, including Grade 3 in 4 ( 0.1%) patients. The median time to onset was 85 days",2,0,0,18,3,0,0,0,1,3.389830508474576,0,0
670,"(range: 1-562 days).  Of the 245 patients, 240 patients received hormone replacement therapy, 6 patients received high-dose corticosteroids (at least 40 mg prednisone or equivalent per day) for immune-mediated hypothyroidism followed by hormone replacement. No patients discontinued IMFINZI due to immune-mediated hypothyroidism. Immune-mediated hypothyroidism was preceded by immune-mediated hyperthyroidism in 20 patients or immune-mediated thyroiditis in  3 patients.",2,0,0,58,7,1,0,0,0,2.6525198938992043,0,0
671,Immune-mediated hyperthyroidism,1,0,0,2,0,0,0,0,0,3.4482758620689653,0,0
672,"In patients receiving IMFINZI monotherapy, immune-mediated hyperthyroidism occurred in 50 (1.7%) patients, there were no Grade 3 or 4 cases. The median time to onset was 43 days (range:  1-253 days). Forty six of the 50 patients received medical therapy (thiamazole, carbimazole, propylthiouracil, perchlorate, calcium channel blocker, or beta-blocker), 11 patients received systemic corticosteroids and 4 of the 11 patients received high-dose systemic corticosteroid treatment (at least 40 mg prednisone or equivalent per day). One patient discontinued IMFINZI  due to immune-mediated hyperthyroidism. Resolution occurred in 39 patients.",2,0,0,87,10,1,0,0,1,4.016064257028113,0,0
673,Immune-mediated thyroiditis,1,0,0,2,0,0,0,0,0,4.0,0,0
674,"In patients receiving IMFINZI monotherapy, immune-mediated thyroiditis occurred in 12 (0.4%) patients, including Grade 3 in 2 ( <0.1%) patients. The median time to onset was 49 days (range: 14-106 days). Of the 12 patients, 10 patients received hormone replacement therapy, 1 patient received high-dose corticosteroids (at least 40 mg prednisone or equivalent per day). One patient discontinued IMFINZI due to immune-mediated thyroiditis.",2,0,0,63,5,1,0,0,1,5.7926829268292686,0,0
675,Immune-mediated adrenal insufficiency,1,0,0,3,0,0,0,0,0,2.9411764705882355,0,0
676,"In patients receiving IMFINZI monotherapy, immune-mediated adrenal insufficiency occurred in 14 (0.5%) patients, including Grade 3 in 3 (<0.1%) patients. The median time to onset was 145.5 days (range: 20-547 days). All 14 patients received systemic corticosteroids; 4 of the 14 patients received high-dose corticosteroid treatment (at least 40 mg prednisone or equivalent per day). No patients discontinued IMFINZI due to immune-mediated adrenal insufficiency. Resolution occurred in 3 patients.",2,0,0,69,6,1,0,0,1,5.319148936170213,0,0
677,Immune-mediated type 1 diabetes mellitus,1,0,0,5,0,0,0,0,0,2.9411764705882355,0,0
678,"In patients receiving IMFINZI monotherapy, immune-mediate type 1 diabetes mellitus occurred in",2,0,0,12,1,0,0,0,0,10.0,0,0
679,16 (0.5%) patients including Grade 3 in 6 (0.2%) patients. The median time to onset was 43 days (range 9-196). Fourteen of the 16 patients received endocrine therapy and 3 out of 16 patients received high-dose corticosteroid treatment (at least 40 mg prednisone or equivalent per day).  One patient discontinued IMFINZI due to immune-mediated type 1 diabetes mellitus. Resolution occurred in 11 patients.,2,0,0,63,8,1,0,0,1,4.040404040404041,1,0
680,Immune-mediated hypophysitis/hypopituitarism,1,0,0,2,0,0,0,0,0,2.4390243902439024,0,0
681,"In patients receiving IMFINZI monotherapy, immune-mediated hypophysitis/hypopituitarism occurred in 2 (<0.1%) patients both Grade 3. The time to onset for the events was 44 days and 50 days. Both patients received high-dose corticosteroid treatment (at least 40 mg prednisone or equivalent per day) and one patient discontinued IMFINZI due to immune-mediated hypophysitis/hypopituitarism.",2,0,0,52,8,1,0,0,1,5.787781350482315,0,0
682,Immune-mediated nephritis,1,0,0,2,0,0,0,0,0,4.3478260869565215,0,0
683,"In patients receiving IMFINZI monotherapy, immune-mediated nephritis occurred in 14 (0.5%) patients, including Grade 3 in 2 (<0.1%) patients. The median time to onset was 71 days (range:  4-393 days). Nine patients received high-dose corticosteroid treatment (at least 40 mg prednisone or equivalent per day) and 1 patient  also received mycophenolate. IMFINZI was discontinued in 5 patients. Resolution occurred in 8 patients.",2,0,0,62,5,1,0,0,1,5.919003115264798,0,0
684,Immune-mediated rash,1,0,0,2,0,0,0,0,0,5.555555555555555,0,0
685,"In patients receiving IMFINZI monotherapy, immune-mediated rash or dermatitis (including pemphigoid) occurred in 50 (1.7%) patients, including Grade 3 in 12 (0.4%) patients. The median time to onset was 43 days (range: 4-333 days). Twenty-four of the 50 patients received high-dose corticosteroid treatment (at least 40 mg prednisone or equivalent per day). IMFINZI was discontinued in 3 patients. Resolution occurred in 31 patients.",2,0,0,63,6,1,0,0,1,5.882352941176471,0,0
686,Immune-mediated neurological adverse events in ongoing and completed trials,1,0,0,9,2,0,0,0,0,1.5151515151515151,0,0
687,"Meningitis, encephalitis, and Guillain-Barre syndrome.",2,0,0,5,1,1,0,0,0,6.521739130434782,0,0
688,Infusion-related reactions,1,0,0,2,0,0,0,0,0,4.166666666666667,0,0
689,"In patients receiving IMFINZI monotherapy, infusion related reactions occurred in 49 (1.6%) patients, including Grade 3 in 5 (0.2%) patients. There were no Grade 4 or 5 events.",2,0,0,28,4,1,0,0,1,8.661417322834646,0,0
690,Reporting of suspected adverse reactions,1,0,0,5,1,0,0,0,0,2.7777777777777777,0,0
691,Reporting suspected adverse reactions after registration of the medicinal product is important. It allows continued monitoring of the benefit-risk balance of the medicinal product. Healthcare professionals are asked to report any suspected adverse reactions at http://www.tga.gov.au/reporting-problems.,2,0,0,36,8,1,0,0,0,1.1764705882352942,0,0
692,4.9 	Overdose,1,0,0,2,0,0,0,0,0,12.5,0,1
693,"There is no specific treatment in the event of durvalumab overdose, and symptoms of overdose are not established. In the event of an overdose, physicians should follow general supportive measures and should treat symptomatically.",2,0,0,34,10,1,0,0,0,1.0416666666666667,0,0
694,"For information on the management of overdose, contact the Poison Information Centre on 131126 (Australia).",2,0,0,15,3,1,0,0,0,6.024096385542169,0,0
695,5 	PHARMACOLOGICAL PROPERTIES,0,0,0,3,0,0,0,0,0,100.0,1,0
696,5.1 	Pharmacodynamic properties,1,0,0,3,0,0,0,0,0,4.0,0,1
697,Mechanism of action,1,0,0,3,1,0,0,0,0,5.882352941176471,0,0
698,"Expression of programmed cell death ligand-1 (PD-L1) protein is an adaptive immune response that helps tumours evade detection and elimination by the immune system. PD-L1 expression can be induced by inflammatory signals (e.g. IFN-gamma) and can be expressed on both tumour cells and tumour-associated immune cells in tumour microenvironment. PD-L1 blocks T-cell function and activation through interaction with PD-1 and CD80 (B7.1). By binding to its receptors, PD-L1 reduces cytotoxic T-cell activity, proliferation, and cytokine production.",2,0,0,76,16,1,0,0,0,5.555555555555555,0,0
699,"Durvalumab is a fully human, high affinity, immunoglobulin G1 kappa (IgG1?) monoclonal antibody that blocks the interaction of PD-L1 with PD-1 and CD80 (B7.1). Durvalumab does not induce antibody dependent cell-mediated cytotoxicity (ADCC). Blockade of PD-L1/PD-1 and PDL1/CD80 interactions enhances antitumour immune responses. These antitumour responses may result in tumour elimination.",2,0,0,51,10,1,0,0,0,9.508196721311476,0,0
700,"In preclinical studies, PD-L1 blockade by durvalumab led to increased T-cell activation and decreased tumour size in xenograft mouse models of human melanoma and/or pancreatic cancer cells as well as mouse syngeneic colorectal cancer.",2,0,0,34,6,1,0,0,0,2.5641025641025643,0,0
701,Clinical trials,1,0,0,2,0,0,0,0,0,7.142857142857143,0,0
702,"Durvalumab doses of 10 mg/kg every 2 weeks or 1500 mg every 4 weeks were evaluated in NSCLC and ES-SCLC clinical studies. Based on the modelling and simulation of exposure, exposure-safety relationships and exposure-efficacy data comparisons, there are no anticipated clinically significant differences in efficacy and safety between durvalumab doses of 10 mg/kg every 2 weeks or 1500 mg every 4 weeks.",2,0,0,62,11,1,0,0,0,4.113924050632911,0,0
703,Non-small cell lung cancer (NSCLC),1,0,0,5,0,0,0,0,0,22.22222222222222,0,0
704,"Randomised, placebo-controlled phase 3 study in patients with locally advanced, unresectable NSCLC after chemoradiation (PACIFIC study)",2,0,0,16,3,0,0,0,0,11.403508771929825,0,0
705,"The efficacy of IMFINZI was evaluated in the PACIFIC study, a randomised, double-blind, placebo-controlled, multicentre study in 713 patients with histologically or cytologically confirmed locally advanced, unresectable NSCLC. Patients had completed at least 2 cycles of definitive platinum-based chemotherapy with radiation therapy within 1 to 42 days prior to initiation of the study and had an ECOG performance status of 0 or 1. Ninety-two percent of patients had received a total dose of 54 to 66 Gy of radiation. The study excluded patients who had progressed following chemoradiation therapy, patients with prior exposure to any anti-PD-1 or anti-PD-L1 antibody, patients with active or prior documented autoimmune disease within 2 years of initiation of the study; a history of immunodeficiency; a history of severe immune-mediated adverse reactions; medical conditions that required systemic immunosuppression(except physiological dose of systemic corticosteroids); active tuberculosis or hepatitis B or C or HIV infection or patients receiving live attenuated vaccine within 30 days before or after the start of IMFINZI. Patients were randomised 2:1 to receive 10 mg/kg IMFINZI (n=476) or 10 mg/kg placebo (n=237) via intravenous infusion every 2 weeks for up to 12 months or until unacceptable toxicity or confirmed disease progression. Randomisation was stratified by gender, age (<65 years vs. ò 65 years) and smoking status (smoker vs. non- smoker). Patients with disease control at 12 months were given the option to be re-treated upon disease progression. Tumour assessments were conducted every 8 weeks for the first 12 months and then every 12 weeks thereafter.",2,0,0,251,24,1,0,0,0,4.197901049475262,0,0
706,"Patients were enrolled regardless of their tumour PD-L1 expression level. Where available, archival tumour tissue specimens taken prior to chemoradiation therapy were retrospectively tested for PDL1 expression on tumour cells (TC) using the VENTANA PD-L1 (SP263) IHC assay. Of the 713 patients randomised, 63% of patients provided a tissue sample of sufficient quality and quantity to determine PD-L1 expression and 37% were unknown.",2,0,0,63,9,1,0,0,1,8.454810495626822,0,0
707,"The demographics and baseline disease characteristics were well balanced between study arms. Baseline demographics of the overall study population were as follows: male (70%), age ò 65 years (45%), white (69%), Asian (27%), other (4%), current smoker (16%), past-smoker (75%), and never smoker (9%), WHO/ECOG PS 0 (49%), WHO/ECOG PS 1 (51%). Disease characteristics were as follows: Stage IIIA (53%), Stage IIIB (45%), histological sub-groups of squamous (46%), non-squamous (54%). Of 451 patients with PD L1 expression available, 67% were TC ò 1% [PDL1 TC 1-24% (32%), PD L1 TC ò 25% (35%)] and 33% were TC < 1%.",2,0,0,99,8,1,0,0,1,13.227513227513228,0,0
708,The two primary endpoints of the study were progression-free survival (PFS) and overall survival (OS) of IMFINZI vs. placebo. Secondary efficacy endpoints included PFS at 12 months (PFS 12) and 18 months (PFS 18) from randomisation and Time from Randomisation to Second Progression (PFS2). PFS was assessed by Blinded Independent Central Review (BICR) according to RECIST,2,0,0,56,9,0,0,0,0,16.151202749140893,0,0
710,The study demonstrated a statistically significant improvement in PFS and OS in the IMFINZItreated group compared with the placebo group (see Table 7 and Figure 1 and Figure 2).,2,1,1,29,5,1,1,0,0,11.188811188811188,0,0
711,Table 7 	Efficacy Results for the PACIFIC Studya,2,0,1,8,2,0,1,0,0,28.205128205128204,0,0
712,IMFINZI  (n= 476),2,0,0,3,0,0,0,0,0,87.5,0,0
713,Placebo (n= 237),2,0,0,3,0,0,0,0,0,12.5,0,0
714,OS,2,0,0,1,0,0,0,0,0,100.0,0,0
715,Number of deaths (%),2,0,0,4,1,0,0,0,1,7.142857142857143,0,0
718,Median (months)  (95% CI),2,0,0,4,0,0,0,0,1,21.428571428571427,0,0
719,NR,2,0,0,1,0,0,0,0,0,100.0,0,0
720,"(34.7, NR)",2,0,0,2,0,0,0,0,0,100.0,0,0
722,"(22.9, NR)",2,0,0,2,0,0,0,0,0,100.0,0,0
723,HR (95% CI),2,0,0,3,0,0,0,0,1,100.0,0,0
725,2- sided p-value,2,0,0,3,0,0,0,0,0,0.0,0,0
727,OS at 24 months (%)  	(95% CI),2,0,0,7,1,0,0,0,1,33.333333333333336,0,0
732,p-value,2,0,0,1,0,0,0,0,0,0.0,0,0
734,PFS,2,0,0,1,0,0,0,0,0,100.0,0,0
735,Number of events (%),2,0,0,4,1,0,0,0,1,7.142857142857143,0,0
738,Median PFS (months)  (95% CI),2,0,0,5,0,0,0,0,1,35.294117647058826,0,0
743,HR (95% CI),2,0,0,3,0,0,0,0,1,100.0,0,0
745,p-value,2,0,0,1,0,0,0,0,0,0.0,0,0
746,p < 0.0001,2,0,0,3,0,0,0,0,0,0.0,0,0
747,PFS at 12 months (%) (95% CI),2,0,0,7,1,0,0,0,1,38.46153846153846,0,0
751,PFS at 18 months (%) (95% CI),2,0,0,7,1,0,0,0,1,38.46153846153846,0,0
756,PFS2,2,0,0,1,0,0,0,0,0,100.0,0,0
757,Median PFS2b (months) (95% CI),2,0,0,5,0,0,0,0,1,33.333333333333336,0,0
762,HR (95% CI),2,0,0,3,0,0,0,0,1,100.0,0,0
764,p-value,2,0,0,1,0,0,0,0,0,0.0,0,0
765,p < 0.0001,2,0,0,3,0,0,0,0,0,0.0,0,0
766,a The analysis of OS was performed approximately 13 months after the primary analysis of PFS.,2,0,0,16,5,1,0,0,0,8.0,0,0
767,b PFS2 is defined as the time from the date of randomisation until the date of second progression (defined by local standard clinical practice) or death.,2,0,0,26,8,1,0,0,0,2.4193548387096775,0,0
768,NR: Not Reached,2,0,0,3,0,0,0,0,0,33.333333333333336,0,0
769,Figure 1 	Kaplan-Meier curve of OS (PACIFIC study),2,1,0,8,1,0,0,0,0,31.57894736842105,0,0
770,Month 	33 	36 	39 	42 	45,2,0,0,6,0,0,0,0,0,20.0,0,0
771,IMFINZI 	57 	23 	2 	0 	0,2,0,0,6,0,0,0,0,0,100.0,0,0
772,Placebo 	237 	220 	198 	178 	170 	155 	141 	130 	117 	78 	42 	21 	9 	3 	1 	0,2,0,0,17,0,0,0,0,0,14.285714285714286,0,0
773,Figure 2 	Kaplan-Meier curve of PFS (PACIFIC study),2,1,0,8,1,0,0,0,0,33.333333333333336,0,0
774,Month 	0 	3 	6 	9 	12 	15 	18 	21 	24 	27 	30,2,0,0,12,0,0,0,0,0,20.0,0,0
775,IMFINZI 	476 	377 	301 	264 	159 	86 	44 	21 	4 	1 	0 Placebo 	237 	163 	106 	87 	52 	28 	15 	4 	3 	0 	0,2,0,0,24,0,0,0,0,0,57.142857142857146,0,0
776,"The improvements in PFS and OS in favour of patients receiving IMFINZI compared to those receiving placebo were consistently observed in all predefined subgroups analysed, including ethnicity, age, gender, smoking history, EGFR mutation status and histology. ALK mutation status was not analysed in this study.",2,0,0,45,10,1,0,0,0,7.722007722007722,0,0
777,Post-hoc subgroup analysis by PD-L1 expression,1,0,0,6,1,0,0,0,0,10.526315789473685,0,0
778,"Additional subgroup analyses were conducted to evaluate the efficacy by tumour PD-L1 expression (ò 25%, 1-24%, ò 1%, < 1%) and for patients whose PD-L1 status could not be established (PD-L1 unknown). PFS and OS results are summarised in Figure 3 and Figure 4. Overall the safety profile of durvalumab in PD-L1 TC ò1% subgroup was consistent with the intent to treat population, as was the PD-L1 TC <1% subgroup.",2,1,0,70,14,1,0,0,1,9.364548494983278,0,0
779,Figure 3 	Forest plot of OS by PD-L1 expression (PACIFIC study),2,1,0,11,2,0,0,0,0,29.78723404255319,0,0
780,Figure 4 	Forest plot of PFS by PD-L1 expression (PACIFIC study),2,1,0,11,2,0,0,0,0,31.25,0,0
781,Patient reported outcomes,1,0,0,3,0,0,0,0,0,4.3478260869565215,0,0
782,"Patient-reported symptoms, function and health-related quality of life (HRQoL) were collected using the EORTC QLQ-C30 and its lung cancer module (EORTC QLQ-LC13). The LC13 and C30 were assessed at baseline and every 4 weeks for the first 8 weeks, then every 8 weeks until completion of the treatment period or discontinuation of study drug due to toxicity or disease progression. Compliance was similar between the IMFINZI and placebo treatment groups (83% vs 85.1% overall of evaluable forms completed).",2,0,0,78,13,1,0,0,1,9.16030534351145,0,0
783,"At baseline, no differences in patient reported symptoms, function or HRQoL were observed between IMFINZI and placebo groups. Throughout the duration of the study to week 48, there was no clinically meaningful difference between IMFINZI and placebo groups in symptoms, functioning and HRQoL (as assessed by a difference of greater than or equal to 10 points).",2,0,0,56,14,1,0,0,0,8.219178082191782,0,0
784,Small Cell Lung Cancer (SCLC),1,0,0,5,0,0,0,0,0,34.78260869565217,0,0
785,"The efficacy of IMFINZI in combination with etoposide and either carboplatin or cisplatin in previously untreated ES-SCLC patients was investigated in CASPIAN, a randomised, open-label, multicentre study in treatment na‹ve ES-SCLC patients with WHO/ECOG performance status of  0 or 1. Patients in the trial were eligible to receive a platinum-based chemotherapy regimen as firstline treatment for SCLC, with life expectancy ò12 weeks, at least one target lesion by RECIST 1.1 and adequate organ and bone marrow function. Patients with asymptomatic or treated brain metastases were permitted. The study excluded patients with a history of chest radiation therapy;  a history of active primary immunodeficiency; autoimmune disorders including paraneoplastic syndrome (PNS); active or prior documented autoimmune or inflammatory disorders; use of systemic immunosuppressants within 14 days before the first dose of the treatment except physiological dose of systemic corticosteroids; active tuberculosis or hepatitis B or C or HIV infection; or patients receiving live attenuated vaccine within 30 days before or after the start of IMFINZI.",2,0,0,163,16,1,0,0,0,6.609808102345416,0,0
786,Randomisation was stratified by the planned platinum-based therapy in cycle 1 (carboplatin or cisplatin).,2,0,0,14,5,1,0,0,0,1.1494252873563218,0,0
787,? The evaluation of efficacy for ES-SCLC relied on comparison between: Arm 1: IMFINZI 1500 mg + etoposide (80-100 mg/m2) and either carboplatin (AUC 5 or 6 mg/mL/min) or cisplatin (75-80 mg/m2),2,0,0,32,5,0,0,0,0,14.960629921259843,0,0
788,"? Arm 2: Either carboplatin (AUC 5 or 6 mg/mL/min) or cisplatin (75-80 mg/m2) on Day 1 and etoposide (80-100 mg/m2) intravenously on Days 1, 2, and 3 of each 21-day cycle for between 4 and 6 cycles.",2,0,0,38,7,1,0,0,0,6.6115702479338845,0,0
789,"For patients randomised to Arm 1 , etoposide and either carboplatin or cisplatin was limited to 4 cycles every 3 weeks subsequent to randomisation. IMFINZI monotherapy continued until disease progression or unacceptable toxicity. Administration of IMFINZI monotherapy was permitted beyond disease progression if the patient was clinically stable and deriving clinical benefit as determined by the investigator.",2,0,0,57,10,1,0,0,0,4.899135446685879,0,0
790,"Patients randomised to Arm 2, were permitted to receive a total of up to 6 cycles of etoposide and either carboplatin or cisplatin. After completion of chemotherapy, prophylactic cranial irradiation (PCI) was permitted only in Arm 2 per investigator discretion.",2,0,0,40,10,1,0,0,0,3.2863849765258215,0,0
791,"Tumour assessments were conducted at Week 6 and Week 12 from the date of randomisation, and then every 8 weeks until confirmed objective disease progression. Survival assessments were conducted every 2 months following treatment discontinuation.",2,0,0,35,8,1,0,0,0,1.9704433497536946,0,0
792,The primary endpoints of the study were Overall Survival (OS) of IMFINZI + chemotherapy (Arm,2,0,0,15,3,0,0,0,0,17.56756756756757,0,0
793,"1) vs. chemotherapy alone (Arm 2). The key secondary endpoint was progression-free survival (PFS). Other secondary endpoints were Objective Response Rate (ORR), OS and PFS landmarks and Patient Reported Outcomes (PRO). PFS and ORR were assessed using Investigator assessments according to RECIST v1.1.",2,0,0,43,4,1,0,0,0,15.126050420168067,0,0
794,"At a planned interim analysis, IMFINZI + chemotherapy (Arm 1) vs chemotherapy (Arm 2) met the efficacy boundary of the primary endpoint of OS and at a planned follow-up OS analysis IMFINZI + chemotherapy (Arm 1) vs chemotherapy (Arm 2) continued to demonstrate improved OS. The results are summarised below.",2,0,0,50,7,1,0,0,0,10.833333333333334,0,0
795,"The demographics and baseline disease characteristics were well balanced between the study arms (268 patients in Arm 1 and 269 patients in Arm 2). Baseline demographics of the overall study population were as follows: male (69.6%), age ò 65 years (39.6%), median age 63 years (range: 28 to 82 years), white (83.8%), Asian (14.5%), black or African American (0.9%), other (0.6 %), non-Hispanic or Latino (96.1%), current or past-smoker (93.1%), never smoker (6.9%), WHO/ECOG PS 0 (35.2%), WHO/ECOG PS 1 (64.8%), Stage IV 90.3%, 24.6% of the patients received cisplatin and 74.1% of the patients received carboplatin. In Arm 1, 1.1% of the patients received ò5 cycles of chemotherapy and 0.4% of the patients received ò6 cycles of chemotherapy based on etoposide exposure. In Arm 2, 62.8% of the patients received ò5 treatment cycles, 56.8% of the patients received the maximum of 6 treatment cycles based on etoposide exposure and 7.8% of the patients received PCI after chemotherapy.",2,0,0,158,12,1,0,0,1,5.6316590563165905,0,0
796,"The study demonstrated a statistically significant and clinically meaningful improvement in OS at the planned interim analysis with IMFINZI + chemotherapy (Arm 1) vs. chemotherapy alone (Arm 2) [HR=0.73 (95% CI: 0.591, 0.909), p=0.0047]. IMFINZI + chemotherapy demonstrated an improvement in PFS vs. chemotherapy alone [HR=0.78 (95% CI: 0.645, 0.936)].",2,0,0,50,7,1,0,0,1,12.76595744680851,0,0
797,"In the planned follow-up OS analysis (median: 25.1 months), the median OS for Arm 1 and Arm 2 was consistent with the OS interim analysis. The PFS, ORR and DoR results from the planned interim analysis as well as the planned follow-up OS analysis results are summarised in Table 8. Kaplan-Meier curves for the planned follow-up OS and the interim analysis PFS are presented in Figure 5 and Figure 6.",2,1,1,70,9,1,1,0,0,9.70873786407767,0,0
798,Table 8 	Efficacy Results for the CASPIAN Study,2,0,1,8,2,0,1,0,0,28.94736842105263,0,0
799,Arm 1: IMFINZI + etoposide and either,2,0,0,7,1,0,0,0,0,28.571428571428573,0,0
800,carboplatin or cisplatin (n=268),2,0,0,4,1,0,0,0,0,0.0,0,0
801,Arm 2: etoposide and either carboplatin or,2,0,0,7,2,0,0,0,0,2.9411764705882355,0,0
802,cisplatin,2,0,0,1,0,0,0,0,0,0.0,0,0
803,(n=269),2,0,0,1,0,0,0,0,0,0.0,0,0
804,OSa,2,0,0,1,0,0,0,0,0,66.66666666666667,0,0
805,Number of deaths (%),2,0,0,4,1,0,0,0,1,7.142857142857143,0,0
808,Median OS (months) (95% CI),2,0,0,5,0,0,0,0,1,31.25,0,0
813,HR (95% CI)b,2,0,0,3,0,0,0,0,1,80.0,0,0
815,p-valuec,2,0,0,1,0,0,0,0,0,0.0,0,0
817,OS at 12 months (%) (95% CI),2,0,0,7,1,0,0,0,1,33.333333333333336,0,0
822,OS at 18 months (%) (95% CI),2,0,0,7,1,0,0,0,1,33.333333333333336,0,0
827,PFSd,2,0,0,1,0,0,0,0,0,75.0,0,0
828,Number of events (%),2,0,0,4,1,0,0,0,1,7.142857142857143,0,0
831,Median PFS (months) (95% CI),2,0,0,5,0,0,0,0,1,35.294117647058826,0,0
836,HR (95% CI)b,2,0,0,3,0,0,0,0,1,80.0,0,0
838,PFS at 6 months (%) (95% CI),2,0,0,7,1,0,0,0,1,38.46153846153846,0,0
843,PFS at 12 months (%) (95% CI),2,0,0,7,1,0,0,0,1,38.46153846153846,0,0
848,"ORR n (%)d,e",2,0,0,3,0,0,0,0,1,50.0,0,0
851,Complete Response n (%),2,0,0,4,0,0,0,0,1,11.764705882352942,0,0
854,Partial Response n (%),2,0,0,4,0,0,0,0,1,12.5,0,0
857,Odds ratio (95% CI)f,2,0,0,4,0,0,0,0,1,25.0,0,0
859,"Median DoR (months) (95% CI) d,f",2,0,0,6,0,0,0,0,1,26.31578947368421,0,0
864,"DoR at 12 months (%)d,f",2,0,0,5,1,0,0,0,1,15.384615384615385,0,0
867,a Follow-up OS analysis at clinical cut-off  27 January 2020.,2,0,0,10,2,1,0,0,0,9.523809523809524,0,0
868,"b The analysis was performed using the stratified log-rank test, adjusting for planned platinum therapy in Cycle 1 (carboplatin or cisplatin), and using the rank tests of association approach.",2,0,0,29,7,1,0,0,0,1.2738853503184713,0,0
869,"c At the interim analysis (data cut-off 11 March 2019) the OS p-value was 0.0047, which met the boundary for declaring statistical significance of 0.0178 for a 4% overall 2-sided alpha, based on a Lan-DeMets alpha spending function with O'Brien Fleming type boundary with the actual number of events observed.",2,0,0,50,8,1,0,0,1,4.366812227074236,0,0
870,"d PFS, ORR and DoR analyses at clinical cut-off 11 March 2019. e 	Confirmed Objective Response.",2,0,0,16,3,1,0,0,0,17.391304347826086,0,0
871,f 	The analysis was performed using a logistic regression model adjusting for planned platinum therapy in Cycle 1 (carboplatin or cisplatin) with 95% CI calculated by profile likelihood.,2,0,0,28,7,1,0,0,1,2.6490066225165565,0,0
872,Figure 5 	Kaplan-Meier curve of OS,2,1,0,6,1,0,0,0,0,19.23076923076923,0,0
873,Figure 6 	Kaplan-Meier curve of PFS,2,1,0,6,1,0,0,0,0,22.22222222222222,0,0
874,Subgroup analysis:,1,0,0,2,0,0,0,0,0,6.25,0,0
875,"The improvements in OS in favour of patients receiving IMFINZI + chemotherapy compared to those receiving chemotherapy alone, were consistently observed across the prespecified subgroups based on demographics, geographical region, carboplatin or cisplatin use and disease characteristics.",2,0,0,37,9,1,0,0,0,4.048582995951417,0,0
876,Change from baseline in lung cancer symptoms over 12 months (mixed model for repeated measures):,2,0,0,15,4,0,0,0,0,1.2987012987012987,0,0
877,"IMFINZI + chemotherapy improved appetite loss by demonstrating a statistically significant difference in mean change from baseline versus chemotherapy alone during the overall time period from randomisation until 12 months (Estimated mean difference -4.5; 99% CI -9.04, -0.04; p=0.009). Both treatment arms demonstrated numerical symptom reduction in cough, chest pain, dyspnoea and fatigue over the same time period.",2,0,0,58,10,1,0,0,1,3.3846153846153846,0,0
878,Patient-reported outcome results should be interpreted in the context of the open-label study design.,2,0,0,14,5,1,0,0,0,1.1764705882352942,0,0
879,"In the exploratory subgroup analyses of OS based on the planned platinum chemotherapy received at cycle 1, the HR was 0.70 (95% CI 0.55, 0.89) in patients who received carboplatin, and the HR was 0.88 (95% CI 0.55, 1.41) in patients who received cisplatin.",2,0,0,44,8,1,0,0,1,6.358381502890174,0,0
880,5.2 	Pharmacokinetic properties,1,0,0,3,0,0,0,0,0,4.0,0,1
881,The PK of durvalumab was assessed for both IMFINZI as a single agent and in combination with chemotherapy. There was no clinically meaningful difference between the PK of durvalumab as a single agent and in combination with chemotherapy.,2,0,0,38,12,1,0,0,0,6.565656565656566,0,0
882,"The pharmacokinetics of IMFINZI was studied in 2903 patients with solid tumours with doses ranging from 0.1 to 20 mg/kg administered once every two, three or four weeks.",2,0,0,28,8,1,0,0,0,6.153846153846154,0,0
883,Distribution,1,0,0,1,0,0,0,0,0,8.333333333333334,0,0
884,"PK exposure increased more than dose-proportionally (non-linear PK) at doses <3 mg/kg and dose proportionally (linear PK) at doses ò 3 mg/kg. Steady state was achieved at approximately 16 weeks. Based on population PK analysis that included 1878 patients in the dose range of ò 10 mg/kg Q2W, the steady state volume of distribution (Vss) was 5.64 L.",2,0,0,58,10,1,0,0,0,5.405405405405405,0,0
885,Excretion,1,0,0,1,0,0,0,0,0,11.11111111111111,0,0
886,"Durvalumab clearance (CL) decreased over time resulting in a geometric mean steady state clearance (CLss) of 8.16 mL/h at Day 365; the decrease in CLss was not considered clinically relevant. The terminal half-life (t1/2), based on baseline CL, was approximately 18 days.",2,0,0,42,9,1,0,0,0,5.853658536585366,0,0
887,Special Populations,1,0,0,2,0,0,0,0,0,11.11111111111111,0,0
888,"Age (19?96 years), body weight (34-149 kg), gender, positive anti-drug antibody (ADA) status, albumin levels, LDH levels, creatinine levels, soluble PD-L1, tumour type, race, mild renal impairment (creatinine clearance (CRCL) 60 to 89 mL/min), moderate renal impairment (creatinine clearance (CRCL) 30 to 59 mL/min), mild hepatic impairment (bilirubin ó ULN and AST > ULN or bilirubin >1.0 to 1.5 ? ULN and any AST) and ECOG/WHO status had no clinically significant effect on the pharmacokinetics of durvalumab.",2,0,0,77,9,1,0,0,0,11.320754716981131,0,0
889,"The effect of severe renal impairment (CRCL 15 to 29 mL/min) or moderate (bilirubin >1.5 to 3 x ULN and any AST) or severe (bilirubin >3.0 x ULN and any AST) hepatic impairment on the pharmacokinetics of durvalumab is unknown; however, as IgG monoclonal antibodies are not primarily cleared via hepatic pathways, a change in hepatic function is not expected to influence durvalumab exposure.",2,0,0,64,13,1,0,0,0,6.578947368421052,0,0
890,Immunogenicity,1,0,0,1,0,0,0,0,0,7.142857142857143,0,0
891,"As with all therapeutic proteins, there is a potential for immunogenicity. Immunogenicity of",2,0,0,13,7,0,0,0,0,2.5641025641025643,0,0
892,IMFINZI as monotherapy is based on pooled data in 2280 patients  who were treated with IMFINZI,2,0,0,16,7,0,0,0,0,18.91891891891892,0,0
893,"10 mg/kg every 2 weeks or 20mg/kg every 4 weeks as a single-agent and evaluable for the presence of anti-drug antibodies (ADAs).Sixty nine patients (3.0%) tested positive for treatment-emergent ADAs. Neutralising antibodies against durvalumab were detected in 0.5% (12/2280) patients. The presence of ADAs did not have a clinically relevant effect on pharmacokinetics, pharmacodynamics or safety.",2,0,0,56,14,1,0,0,1,3.9473684210526314,1,0
894,"In the CASPIAN study, of the 201 patients who were treated with IMFINZI 1500 mg every 3 weeks in combination with etoposide, and carboplatin or cisplatin and evaluable for the presence of ADAs, 0 (0%) patients tested positive for treatment-emergent ADAs.",2,0,0,41,9,1,0,0,1,10.714285714285714,0,0
895,"Immunogenicity assay results are highly dependent on several factors, including assay sensitivity and specificity, assay methodology, sample handling, timing of sample collection, concomitant medications and underlying disease.",2,0,0,27,4,1,0,0,0,0.5128205128205128,0,0
896,"For these reasons, comparison of incidence of antibodies to IMFINZI with the incidence of antibodies to other products may be misleading.",2,0,0,21,7,1,0,0,0,6.956521739130435,0,0
897,5.3 	Preclinical safety data,1,0,0,4,0,0,0,0,0,4.761904761904762,0,1
898,Genotoxicity,1,0,0,1,0,0,0,0,0,8.333333333333334,0,0
899,"The genotoxic potential of durvalumab has not been evaluated. As a large protein molecule, durvalumab is not expected to interact directly with DNA or other chromosomal material.",2,0,0,27,10,1,0,0,0,3.3557046979865772,0,0
900,Carcinogenicity,1,0,0,1,0,0,0,0,0,6.666666666666667,0,0
901,The carcinogenic potential of durvalumab has not been evaluated.,2,0,0,9,4,1,0,0,0,1.8181818181818181,0,0
902,6 	PHARMACEUTICAL PARTICULARS,0,0,0,3,0,0,0,0,0,100.0,1,0
903,6.1 	List of excipients,1,0,0,4,1,0,0,0,0,6.25,0,1
904,"IMFINZI concentrated solution for infusion contains the following excipients: histidine, histidine hydrochloride monohydrate, trehalose dihydrate, polysorbate 80 and water for injection.",2,0,0,21,3,1,0,0,0,4.40251572327044,0,0
905,6.2 	Incompatibilities,1,0,0,2,0,0,0,0,0,5.882352941176471,0,1
906,Incompatibilities were either not assessed or not identified as part of the registration of this medicine.,2,0,0,16,7,1,0,0,0,1.1111111111111112,0,0
907,6.3 	Shelf life,1,0,0,3,0,0,0,0,0,11.11111111111111,0,1
908,"In Australia, information on the shelf life can be found on the public summary of the Australian Register of Therapeutic Goods (ARTG). The expiry date can be found on the packaging.",2,0,0,31,5,1,0,0,0,7.534246575342466,0,0
909,6.4 	Special precautions for storage,1,0,0,5,1,0,0,0,0,3.5714285714285716,0,1
910,Store unopened vials under refrigeration at 2øC to 8øC in the original carton to protect from light. Do not freeze. Do not shake.,2,0,0,23,7,1,0,0,0,5.0,0,0
911,6.5 	Nature and contents of container,1,0,0,6,2,0,0,0,0,3.5714285714285716,0,1
912,10 mL of concentrated solution for infusion in a 10 mL Type 1 glass vial with an elastomeric stopper and a white flip-off aluminium seal containing 500 mg durvalumab. Pack size of 1 vial.,2,0,0,34,7,1,0,0,0,2.816901408450704,1,0
913,2.4 mL of concentrated solution for infusion in a 10 mL Type 1 glass vial with an elastomeric stopper and a grey flip-off aluminium seal containing 120 mg durvalumab. Pack size of 1 vial.,2,0,0,34,7,1,0,0,0,2.8368794326241136,0,1
914,6.6 	Special precautions for disposal,1,0,0,5,1,0,0,0,0,3.4482758620689653,0,1
915,"In Australia, any unused medicine or waste material should be disposed of by taking to your local pharmacy.",2,0,0,18,8,1,0,0,0,2.272727272727273,0,0
916,6.7 	Physicochemical properties,1,0,0,3,0,0,0,0,0,4.0,0,1
917,Durvalumab is a human immunoglobulin (IgG1?) monoclonal antibody.,2,0,0,8,2,1,0,0,0,5.660377358490566,0,0
918,CAS number:  1428935-60-7,2,0,0,3,0,0,0,0,0,33.333333333333336,0,0
919,7 	MEDICINE SCHEDULE (POISONS STANDARD),0,0,0,5,0,0,0,0,0,100.0,1,0
920,Prescription only medicine (Schedule 4).,2,0,0,5,1,1,0,0,0,6.25,0,0
921,8 	SPONSOR,0,0,0,2,0,0,0,0,0,100.0,1,0
922,AstraZeneca Pty Ltd,2,0,0,3,0,0,0,0,0,23.529411764705884,0,0
923,ABN 54 009 682 311,2,0,0,5,0,0,0,0,0,100.0,0,0
924,66 Talavera Road,2,0,0,3,0,0,0,0,0,16.666666666666668,1,0
925,MACQUARIE PARK NSW 2113,2,0,0,4,0,0,0,0,0,100.0,0,0
926,Telephone: 1800 805 342,2,0,0,4,0,0,0,0,0,11.11111111111111,0,0
927,9 	DATE OF FIRST APPROVAL,0,0,0,5,0,0,0,0,0,100.0,1,0
928,2 October 2018,2,0,0,3,0,0,0,0,0,14.285714285714286,1,0
929,10 	DATE OF REVISION,0,0,0,4,0,0,0,0,0,100.0,1,0
930,27 October 2021,2,0,0,3,0,0,0,0,0,14.285714285714286,1,0
931,Summary table of changes,2,0,0,4,1,0,0,0,0,4.761904761904762,0,0
932,Section changed,2,0,0,2,0,0,0,1,0,7.142857142857143,0,0
933,Summary of new information,2,0,0,4,1,0,0,0,0,4.3478260869565215,0,0
935,ES-SCLC indication added,2,0,0,3,0,0,0,0,0,28.571428571428573,0,0
937,New dosage added for ES-SCLC indication and editorial changes,2,0,0,9,2,0,0,0,0,13.461538461538462,0,0
939,Section updated,2,0,0,2,0,0,0,1,0,7.142857142857143,0,0
941,Section updated based on CASPIAN clinical study,2,0,0,7,1,0,0,1,0,19.51219512195122,0,0
943,Section updated based on the pooled safety dataset and CASPIAN clinical study,2,0,0,12,3,0,0,1,0,12.121212121212121,0,0
944,4.4 and 4.8,2,0,0,3,1,0,0,0,0,0.0,0,1
945,"Inclusion of immune-mediated non-infective meningitis, non-infective encephalitis, and Guillain-Barr‚ syndrome (GBS)",2,0,0,11,2,0,0,0,0,6.185567010309279,0,0
947,CASPIAN clinical study added,2,0,0,4,0,0,0,0,0,28.0,0,0
949,Section updated based on the pooled safety dataset and CASPIAN clinical study,2,0,0,12,3,0,0,1,0,12.121212121212121,0,0
951,Treatment modifications and management recommendations for adverse reactions in Table 2 has been updated.,2,0,1,14,5,1,1,0,0,2.2222222222222223,0,0
952,4.4 and 4.8,2,0,0,3,1,0,0,0,0,0.0,0,1
953,Section 4.4 and 4.8 updated to include a warning that immune-mediated T1DM can present with DKA.,2,0,0,16,6,1,0,1,0,9.722222222222221,0,0
955,4.8 and 5.1,2,0,0,3,1,0,0,0,0,0.0,0,1
956,Section updated as a consequence of the deletion of the Urothelial Carcinoma (UC) indication.,2,0,0,14,4,1,0,1,0,6.4935064935064934,0,0
958,New ?1500 mg every 4 weeks? dosage for NSCLC has been added.,2,0,0,12,3,1,0,0,0,14.634146341463415,0,0
960,"?1500 mg every 4 weeks? dosage added as per CDS v14, dated 20 July 2020.",2,0,0,15,1,1,0,0,0,9.75609756097561,0,0
961,? AstraZeneca 2021,2,0,0,3,0,0,0,0,0,18.181818181818183,0,0
962,Doc ID-003924983 v14,2,0,0,3,0,0,0,0,0,50.0,0,0
